,siteID,measurementType,storageType,year,month,day,magnification,n,order,phylum,genus,spp,url,idNum,flickrID
0,1,sus1a,f,2014,7,17,10x,1,null,Chlorophyceae,null,Green algae (with flagella),/Users/maxcaplow/Desktop/images/1_sus1a_2014_7_17_10x_2_00.bmp,2,20117805832
1,1,sus1a,f,2014,7,17,10x,2,null,Chlorophyceae,null,Green algae (with flagella),/Users/maxcaplow/Desktop/images/1_sus1a_2014_7_17_10x_2_01.bmp,2,19939154479
2,1,sus1a,f,2014,7,17,10x,2,null,Chlorophyceae,null,Green algae (no flagella),/Users/maxcaplow/Desktop/images/1_sus1a_2014_7_17_10x_3_01.bmp,3,19939155939
3,1,sus1a,f,2014,7,17,10x,1,null,Chlorophyceae,null,Green algae (with flagella),/Users/maxcaplow/Desktop/images/1_sus1a_2014_7_17_10x_2_02.bmp,2,20125832385
4,1,sus1a,f,2014,7,17,10x,1,null,Chlorophyceae,null,Green algae (no flagella),/Users/maxcaplow/Desktop/images/1_sus1a_2014_7_17_10x_3_02.bmp,3,19939158779
5,1,sus1a,f,2014,7,17,10x,1,null,Chlorophyceae,null,Green algae (with flagella),/Users/maxcaplow/Desktop/images/1_sus1a_2014_7_17_10x_2_03.bmp,2,19503187024
6,1,sus1a,f,2014,7,17,10x,1,null,Chlorophyceae,null,Green algae (with flagella),/Users/maxcaplow/Desktop/images/1_sus1a_2014_7_17_10x_2_05.bmp,2,19503188624
7,1,sus1a,f,2014,7,17,10x,1,null,Chlorophyceae,null,Green algae (no flagella),/Users/maxcaplow/Desktop/images/1_sus1a_2014_7_17_10x_3_05.bmp,3,19504849133
8,1,sus1a,f,2014,7,17,10x,1,null,Chlorophyceae,null,Green algae (with flagella),/Users/maxcaplow/Desktop/images/1_sus1a_2014_7_17_10x_2_06.bmp,2,20099554606
9,1,sus1a,f,2014,7,17,10x,1,null,Chlorophyceae,null,Green algae (with flagella),/Users/maxcaplow/Desktop/images/1_sus1a_2014_7_17_10x_2_07.bmp,2,20131356451
10,1,sus1a,f,2014,7,17,10x,1,null,Chlorophyceae,null,Green algae (no flagella),/Users/maxcaplow/Desktop/images/1_sus1a_2014_7_17_10x_3_07.bmp,3,20125843365
11,1,sus1a,f,2014,7,17,10x,1,null,Chlorophyceae,null,Green algae (with flagella),/Users/maxcaplow/Desktop/images/1_sus1a_2014_7_17_10x_2_08.bmp,2,20099558946
12,1,sus1a,f,2014,7,17,10x,1,null,Chlorophyceae,null,Green algae (with flagella),/Users/maxcaplow/Desktop/images/1_sus1a_2014_7_17_10x_2_09.bmp,2,19504856553
13,1,sus1a,f,2014,7,17,10x,1,null,Chlorophyceae,null,Green algae (no flagella),/Users/maxcaplow/Desktop/images/1_sus1a_2014_7_17_10x_3_09.bmp,3,19939172319
14,1,sus1a,f,2014,7,17,20x,1,null,Chlorophyceae,null,Green algae (with flagella),/Users/maxcaplow/Desktop/images/1_sus1a_2014_7_17_20x_2_01.bmp,2,19503199424
15,1,sus1a,f,2014,7,17,20x,1,null,Chlorophyceae,null,Green algae (no flagella),/Users/maxcaplow/Desktop/images/1_sus1a_2014_7_17_20x_3_02.bmp,3,19937832290
16,1,sus1a,f,2014,7,17,20x,1,null,Chlorophyceae,null,Green algae (with flagella),/Users/maxcaplow/Desktop/images/1_sus1a_2014_7_17_20x_2_03.bmp,2,19503202354
17,1,sus1a,f,2014,7,17,20x,2,null,Chlorophyceae,null,Green algae (with flagella),/Users/maxcaplow/Desktop/images/1_sus1a_2014_7_17_20x_2_04.bmp,2,19937752628
18,1,sus1a,f,2014,7,17,20x,1,null,Chlorophyceae,null,Green algae (no flagella),/Users/maxcaplow/Desktop/images/1_sus1a_2014_7_17_20x_3_04.bmp,3,20125854105
19,1,sus1a,f,2014,7,17,20x,1,null,Gamophyceae,null,Filamentous green algae,/Users/maxcaplow/Desktop/images/1_sus1a_2014_7_17_20x_4_04.bmp,4,19503206394
20,1,sus1a,f,2014,7,17,20x,3,null,Chlorophyceae,null,Green algae (no flagella),/Users/maxcaplow/Desktop/images/1_sus1a_2014_7_17_20x_3_05.bmp,3,19504867023
21,1,sus1a,f,2014,7,17,20x,3,null,Chlorophyceae,null,Green algae (with flagella),/Users/maxcaplow/Desktop/images/1_sus1a_2014_7_17_20x_2_06.bmp,2,19504868373
22,1,sus1a,f,2014,7,17,20x,1,null,Chlorophyceae,null,Green algae (no flagella),/Users/maxcaplow/Desktop/images/1_sus1a_2014_7_17_20x_3_06.bmp,3,19503211014
23,1,sus1a,f,2014,7,17,20x,3,null,Chlorophyceae,null,Green algae (no flagella),/Users/maxcaplow/Desktop/images/1_sus1a_2014_7_17_20x_3_08.bmp,3,19503212524
24,1,sus1a,f,2014,7,17,20x,1,null,Chlorophyceae,null,Green algae (with flagella),/Users/maxcaplow/Desktop/images/1_sus1a_2014_7_17_20x_2_09.bmp,2,20125863055
25,1,sus1a,f,2014,7,17,20x,4,null,Chlorophyceae,null,Green algae (no flagella),/Users/maxcaplow/Desktop/images/1_sus1a_2014_7_17_20x_3_09.bmp,3,19503214954
26,1,sus1a,f,2014,7,17,20x,2,null,Chlorophyceae,null,Green algae (no flagella),/Users/maxcaplow/Desktop/images/1_sus1a_2014_7_17_20x_3_00.bmp,3,19937766938
27,1,sus1a,f,2014,7,17,40x,1,null,Chlorophyceae,null,Green algae (no flagella),/Users/maxcaplow/Desktop/images/1_sus1a_2014_7_17_40x_3_01.bmp,3,19939192429
28,1,sus1a,f,2014,7,17,40x,1,null,Chlorophyceae,null,Green algae (no flagella),/Users/maxcaplow/Desktop/images/1_sus1a_2014_7_17_40x_3_02.bmp,3,20125868925
29,1,sus1a,f,2014,7,17,40x,1,null,Chlorophyceae,null,Green algae (with flagella),/Users/maxcaplow/Desktop/images/1_sus1a_2014_7_17_40x_2_03.bmp,2,19504880273
30,1,sus1a,f,2014,7,17,40x,2,null,Chlorophyceae,null,Green algae (no flagella),/Users/maxcaplow/Desktop/images/1_sus1a_2014_7_17_40x_3_04.bmp,3,19504882943
31,1,sus1a,f,2014,7,17,40x,1,null,Chlorophyceae,null,Green algae (no flagella),/Users/maxcaplow/Desktop/images/1_sus1a_2014_7_17_40x_3_05.bmp,3,19937856270
32,1,sus1a,f,2014,7,17,40x,1,null,Chlorophyceae,null,Green algae (no flagella),/Users/maxcaplow/Desktop/images/1_sus1a_2014_7_17_40x_3_06.bmp,3,19504885933
33,1,sus1a,f,2014,7,17,40x,2,null,Chlorophyceae,null,Green algae (no flagella),/Users/maxcaplow/Desktop/images/1_sus1a_2014_7_17_40x_3_07.bmp,3,20099592146
34,1,sus1a,f,2014,7,17,40x,1,null,Chlorophyceae,null,Green algae (no flagella),/Users/maxcaplow/Desktop/images/1_sus1a_2014_7_17_40x_3_08.bmp,3,20125878435
35,1,sus1a,f,2014,7,17,40x,3,null,Chlorophyceae,null,Green algae (no flagella),/Users/maxcaplow/Desktop/images/1_sus1a_2014_7_17_40x_3_09.bmp,3,19937780258
36,2,sus1a,f,2014,7,17,10x,1,null,Gamophyceae,null,Filamentous green algae,/Users/maxcaplow/Desktop/images/2_sus1a_2014_7_17_10x_4_00.bmp,4,20125880915
37,2,sus1a,f,2014,7,17,10x,1,null,Gamophyceae,null,Filamentous green algae,/Users/maxcaplow/Desktop/images/2_sus1a_2014_7_17_10x_4_01.bmp,4,19503233154
38,2,sus1a,f,2014,7,17,10x,1,null,Gamophyceae,null,Filamentous green algae,/Users/maxcaplow/Desktop/images/2_sus1a_2014_7_17_10x_4_02.bmp,4,20125883805
39,2,sus1a,f,2014,7,17,10x,3,null,Chlorophyceae,null,Green algae (no flagella),/Users/maxcaplow/Desktop/images/2_sus1a_2014_7_17_10x_3_03.bmp,3,19503235484
40,2,sus1a,f,2014,7,17,10x,1,null,Gamophyceae,null,Desmids,/Users/maxcaplow/Desktop/images/2_sus1a_2014_7_17_10x_5_03.bmp,5,20099603276
41,2,sus1a,f,2014,7,17,10x,1,null,Gamophyceae,null,Filamentous green algae,/Users/maxcaplow/Desktop/images/2_sus1a_2014_7_17_10x_4_07.bmp,4,19503239784
42,2,sus1a,f,2014,7,17,10x,1,null,Chlorophyceae,null,Green algae (no flagella),/Users/maxcaplow/Desktop/images/2_sus1a_2014_7_17_10x_3_08.bmp,3,19937872040
43,2,sus1a,f,2014,7,17,10x,1,null,Chlorophyceae,null,Green algae (no flagella),/Users/maxcaplow/Desktop/images/2_sus1a_2014_7_17_10x_3_09.bmp,3,19939217609
44,2,sus1a,f,2014,7,17,20x,1,null,Gamophyceae,null,Filamentous green algae,/Users/maxcaplow/Desktop/images/2_sus1a_2014_7_17_20x_4_00.bmp,4,20131407971
45,2,sus1a,f,2014,7,17,20x,2,null,Chlorophyceae,null,Green algae (no flagella),/Users/maxcaplow/Desktop/images/2_sus1a_2014_7_17_20x_3_01.bmp,3,19937794658
46,2,sus1a,f,2014,7,17,20x,1,null,Bacillariophyceae,null,Diatoms,/Users/maxcaplow/Desktop/images/2_sus1a_2014_7_17_20x_6_01.bmp,6,20099610916
47,2,sus1a,f,2014,7,17,20x,1,Heliozoea,Sacrodina,null,Heliozoans,/Users/maxcaplow/Desktop/images/2_sus1a_2014_7_17_20x_8_02.bmp,8,19937878760
48,2,sus1a,f,2014,7,17,20x,1,null,Chlorophyceae,null,Green algae (no flagella),/Users/maxcaplow/Desktop/images/2_sus1a_2014_7_17_20x_3_04.bmp,3,20125898985
49,2,sus1a,f,2014,7,17,20x,1,null,Bacillariophyceae,null,Diatoms,/Users/maxcaplow/Desktop/images/2_sus1a_2014_7_17_20x_6_04.bmp,6,20131414711
50,2,sus1a,f,2014,7,17,20x,1,null,Chlorophyceae,null,Green algae (with flagella),/Users/maxcaplow/Desktop/images/2_sus1a_2014_7_17_20x_2_05.bmp,2,20117878412
51,2,sus1a,f,2014,7,17,20x,1,Heliozoea,Sacrodina,null,Heliozoans,/Users/maxcaplow/Desktop/images/2_sus1a_2014_7_17_20x_8_05.bmp,8,20131418331
52,2,sus1a,f,2014,7,17,20x,1,null,Bacillariophyceae,null,Diatoms,/Users/maxcaplow/Desktop/images/2_sus1a_2014_7_17_20x_6_06.bmp,6,19937886430
53,2,sus1a,f,2014,7,17,20x,1,null,Chlorophyceae,null,Green algae (no flagella),/Users/maxcaplow/Desktop/images/2_sus1a_2014_7_17_20x_3_08.bmp,3,20131421611
54,2,sus1a,f,2014,7,17,20x,1,null,Gamophyceae,null,Filamentous green algae,/Users/maxcaplow/Desktop/images/2_sus1a_2014_7_17_20x_4_09.bmp,4,20125907795
55,2,sus1a,f,2014,7,17,20x,1,null,Gamophyceae,null,Filamentous green algae,/Users/maxcaplow/Desktop/images/2_sus1a_2014_7_17_20x_4_10.bmp,4,19937890790
56,2,sus1a,f,2014,7,17,40x,1,null,Gamophyceae,null,Filamentous green algae,/Users/maxcaplow/Desktop/images/2_sus1a_2014_7_17_40x_4_00.bmp,4,20117887822
57,2,sus1a,f,2014,7,17,40x,1,null,Bacillariophyceae,null,Diatoms,/Users/maxcaplow/Desktop/images/2_sus1a_2014_7_17_40x_6_01.bmp,6,19939238299
58,2,sus1a,f,2014,7,17,40x,1,Heliozoea,Sacrodina,null,Heliozoans,/Users/maxcaplow/Desktop/images/2_sus1a_2014_7_17_40x_8_02.bmp,8,20099629256
59,2,sus1a,f,2014,7,17,40x,1,null,Chlorophyceae,null,Green algae (no flagella),/Users/maxcaplow/Desktop/images/2_sus1a_2014_7_17_40x_3_05.bmp,3,19503266584
60,2,sus1a,f,2014,7,17,40x,1,null,Gamophyceae,null,Filamentous green algae,/Users/maxcaplow/Desktop/images/2_sus1a_2014_7_17_40x_4_05.bmp,4,19939242509
61,2,sus1a,f,2014,7,17,40x,1,null,Chlorophyceae,null,Green algae (with flagella),/Users/maxcaplow/Desktop/images/2_sus1a_2014_7_17_40x_2_06.bmp,2,19504928613
62,2,sus1a,f,2014,7,17,40x,1,null,Chlorophyceae,null,Green algae (no flagella),/Users/maxcaplow/Desktop/images/2_sus1a_2014_7_17_40x_3_07.bmp,3,19503271824
63,2,sus1a,f,2014,7,17,40x,1,null,Bacillariophyceae,null,Diatoms,/Users/maxcaplow/Desktop/images/2_sus1a_2014_7_17_40x_6_08.bmp,6,20131437161
64,2,sus1a,f,2014,7,17,40x,1,null,Chlorophyceae,null,Green algae (no flagella),/Users/maxcaplow/Desktop/images/2_sus1a_2014_7_17_40x_3_09.bmp,3,20125922825
65,2,sus1a,f,2014,7,17,40x,1,null,Chlorophyceae,null,Green algae (no flagella),/Users/maxcaplow/Desktop/images/2_sus1a_2014_7_17_40x_3_10.bmp,3,19504934743
66,2,sus1b,f,2014,7,17,10x,1,null,Gamophyceae,null,Filamentous green algae,/Users/maxcaplow/Desktop/images/2_sus1b_2014_7_17_10x_4_00.bmp,4,19937827468
67,2,sus1b,f,2014,7,17,10x,2,null,Chlorophyceae,null,Green algae (no flagella),/Users/maxcaplow/Desktop/images/2_sus1b_2014_7_17_10x_3_01.bmp,3,19937831568
68,2,sus1b,f,2014,7,17,10x,1,null,Chlorophyceae,null,"Green algae (with flagella, small)",/Users/maxcaplow/Desktop/images/2_sus1b_2014_7_17_10x_1_02.bmp,1,20117908732
69,2,sus1b,f,2014,7,17,10x,1,null,Gamophyceae,null,Filamentous green algae,/Users/maxcaplow/Desktop/images/2_sus1b_2014_7_17_10x_4_02.bmp,4,20117910842
70,2,sus1b,f,2014,7,17,10x,1,null,Bacillariophyceae,null,Diatoms,/Users/maxcaplow/Desktop/images/2_sus1b_2014_7_17_10x_6_02.bmp,6,19503287854
71,2,sus1b,f,2014,7,17,10x,1,null,Chlorophyceae,null,Green algae (no flagella),/Users/maxcaplow/Desktop/images/2_sus1b_2014_7_17_10x_3_03.bmp,3,20117914272
72,2,sus1b,f,2014,7,17,10x,1,null,Bacillariophyceae,null,Diatoms,/Users/maxcaplow/Desktop/images/2_sus1b_2014_7_17_10x_6_03.bmp,6,19937840918
73,2,sus1b,f,2014,7,17,10x,3,null,Chlorophyceae,null,Green algae (no flagella),/Users/maxcaplow/Desktop/images/2_sus1b_2014_7_17_10x_3_04.bmp,3,19503294004
74,2,sus1b,f,2014,7,17,10x,1,null,Chlorophyceae,null,Green algae (with flagella),/Users/maxcaplow/Desktop/images/2_sus1b_2014_7_17_10x_2_05.bmp,2,20125944445
75,2,sus1b,f,2014,7,17,10x,4,null,Bacillariophyceae,null,Diatoms,/Users/maxcaplow/Desktop/images/2_sus1b_2014_7_17_10x_6_05.bmp,6,19937846468
76,2,sus1b,f,2014,7,17,10x,4,null,Chlorophyceae,null,Green algae (no flagella),/Users/maxcaplow/Desktop/images/2_sus1b_2014_7_17_10x_3_08.bmp,3,20131462901
77,2,sus1b,f,2014,7,17,10x,1,null,Chlorophyceae,null,Green algae (with flagella),/Users/maxcaplow/Desktop/images/2_sus1b_2014_7_17_10x_2_09.bmp,2,20117924082
78,2,sus1b,f,2014,7,17,20x,1,null,Chlorophyceae,null,Green algae (no flagella),/Users/maxcaplow/Desktop/images/2_sus1b_2014_7_17_20x_3_00.bmp,3,19939275239
79,2,sus1b,f,2014,7,17,20x,2,null,Chlorophyceae,null,Green algae (with flagella),/Users/maxcaplow/Desktop/images/2_sus1b_2014_7_17_20x_2_01.bmp,2,19503303544
80,2,sus1b,f,2014,7,17,20x,1,null,Chlorophyceae,null,Green algae (no flagella),/Users/maxcaplow/Desktop/images/2_sus1b_2014_7_17_20x_3_01.bmp,3,19937934820
81,2,sus1b,f,2014,7,17,20x,2,null,Chlorophyceae,null,Green algae (with flagella),/Users/maxcaplow/Desktop/images/2_sus1b_2014_7_17_20x_2_02.bmp,2,19504964803
82,2,sus1b,f,2014,7,17,20x,1,null,Chlorophyceae,null,Green algae (no flagella),/Users/maxcaplow/Desktop/images/2_sus1b_2014_7_17_20x_3_02.bmp,3,20117931692
83,2,sus1b,f,2014,7,17,20x,2,null,Bacillariophyceae,null,Diatoms,/Users/maxcaplow/Desktop/images/2_sus1b_2014_7_17_20x_6_02.bmp,6,19939282479
84,2,sus1b,f,2014,7,17,20x,1,null,Chlorophyceae,null,Green algae (no flagella),/Users/maxcaplow/Desktop/images/2_sus1b_2014_7_17_20x_3_05.bmp,3,20117934482
85,2,sus1b,f,2014,7,17,20x,1,null,Chlorophyceae,null,Green algae (with flagella),/Users/maxcaplow/Desktop/images/2_sus1b_2014_7_17_20x_2_06.bmp,2,20117936232
86,2,sus1b,f,2014,7,17,20x,1,null,Chlorophyceae,null,Green algae (with flagella),/Users/maxcaplow/Desktop/images/2_sus1b_2014_7_17_20x_2_07.bmp,2,20117937622
86,2,sus1b,f,2014,7,17,20x,1,null,Chlorophyceae,null,Green algae (with flagella),/Users/maxcaplow/Desktop/images/2_sus1b_2014_7_17_20x_2_07.bmp,2,20099789106
87,2,sus1b,f,2014,7,17,20x,1,null,Chlorophyceae,null,Green algae (no flagella),/Users/maxcaplow/Desktop/images/2_sus1b_2014_7_17_20x_3_07.bmp,3,19939399839
88,2,sus1b,f,2014,7,17,20x,1,null,Chlorophyceae,null,Green algae (with flagella),/Users/maxcaplow/Desktop/images/2_sus1b_2014_7_17_20x_2_08.bmp,2,19939401249
89,2,sus1b,f,2014,7,17,40x,1,null,Bacillariophyceae,null,Diatoms,/Users/maxcaplow/Desktop/images/2_sus1b_2014_7_17_40x_6_00.bmp,6,19505088253
90,2,sus1b,f,2014,7,17,40x,1,null,Chlorophyceae,null,Green algae (with flagella),/Users/maxcaplow/Desktop/images/2_sus1b_2014_7_17_40x_2_01.bmp,2,19505089713
91,2,sus1b,f,2014,7,17,40x,1,null,Bacillariophyceae,null,Diatoms,/Users/maxcaplow/Desktop/images/2_sus1b_2014_7_17_40x_6_01.bmp,6,19939406139
92,2,sus1b,f,2014,7,17,40x,1,null,Chlorophyceae,null,Green algae (no flagella),/Users/maxcaplow/Desktop/images/2_sus1b_2014_7_17_40x_3_02.bmp,3,20099797746
93,2,sus1b,f,2014,7,17,40x,1,null,Chlorophyceae,null,Green algae (with flagella),/Users/maxcaplow/Desktop/images/2_sus1b_2014_7_17_40x_2_03.bmp,2,19937984098
94,2,sus1b,f,2014,7,17,40x,1,null,Chlorophyceae,null,Green algae (no flagella),/Users/maxcaplow/Desktop/images/2_sus1b_2014_7_17_40x_3_06.bmp,3,19503435854
95,2,sus1b,f,2014,7,17,40x,1,null,Chlorophyceae,null,Green algae (with flagella),/Users/maxcaplow/Desktop/images/2_sus1b_2014_7_17_40x_2_07.bmp,2,20099803296
96,2,sus1b,f,2014,7,17,40x,1,null,Chlorophyceae,null,Green algae (with flagella),/Users/maxcaplow/Desktop/images/2_sus1b_2014_7_17_40x_2_08.bmp,2,20131604261
97,2,sus1b,f,2014,7,17,40x,1,null,Dinoflagellate,null,Dinoflagellates,/Users/maxcaplow/Desktop/images/2_sus1b_2014_7_17_40x_10_09.bmp,10,20131605531
98,2,sus1c,f,2014,7,17,10x,1,null,Bacillariophyceae,null,Diatoms,/Users/maxcaplow/Desktop/images/2_sus1c_2014_7_17_10x_6_00.bmp,6,20131607491
99,2,sus1c,f,2014,7,17,10x,3,null,Chlorophyceae,null,Green algae (with flagella),/Users/maxcaplow/Desktop/images/2_sus1c_2014_7_17_10x_2_01.bmp,2,19939419489
100,2,sus1c,f,2014,7,17,10x,1,null,Chlorophyceae,null,"Green algae (with flagella, small)",/Users/maxcaplow/Desktop/images/2_sus1c_2014_7_17_10x_1_02.bmp,1,19938077430
101,2,sus1c,f,2014,7,17,10x,1,null,Chlorophyceae,null,Green algae (no flagella),/Users/maxcaplow/Desktop/images/2_sus1c_2014_7_17_10x_3_02.bmp,3,19505108443
102,2,sus1c,f,2014,7,17,10x,2,null,Gamophyceae,null,Filamentous green algae,/Users/maxcaplow/Desktop/images/2_sus1c_2014_7_17_10x_4_03.bmp,4,19939424699
103,2,sus1c,f,2014,7,17,10x,1,null,Chlorophyceae,null,Green algae (with flagella),/Users/maxcaplow/Desktop/images/2_sus1c_2014_7_17_10x_2_04.bmp,2,19939425989
104,2,sus1c,f,2014,7,17,10x,1,null,null,null,Blue-green algae (cyanobacteria),/Users/maxcaplow/Desktop/images/2_sus1c_2014_7_17_10x_9_04.bmp,9,20126099715
105,2,sus1c,f,2014,7,17,10x,1,null,Bacillariophyceae,null,Diatoms,/Users/maxcaplow/Desktop/images/2_sus1c_2014_7_17_10x_6_05.bmp,6,19505114293
106,2,sus1c,f,2014,7,17,10x,1,null,null,null,Blue-green algae (cyanobacteria),/Users/maxcaplow/Desktop/images/2_sus1c_2014_7_17_10x_9_05.bmp,9,19505116623
107,2,sus1c,f,2014,7,17,10x,1,null,Chlorophyceae,null,Green algae (with flagella),/Users/maxcaplow/Desktop/images/2_sus1c_2014_7_17_10x_2_06.bmp,2,19938006708
108,2,sus1c,f,2014,7,17,10x,1,null,Gamophyceae,null,Filamentous green algae,/Users/maxcaplow/Desktop/images/2_sus1c_2014_7_17_10x_4_06.bmp,4,19503593344
109,2,sus1c,f,2014,7,17,10x,2,null,Chlorophyceae,null,Green algae (with flagella),/Users/maxcaplow/Desktop/images/2_sus1c_2014_7_17_10x_2_07.bmp,2,19505258733
110,2,sus1c,f,2014,7,17,10x,1,null,Bacillariophyceae,null,Diatoms,/Users/maxcaplow/Desktop/images/2_sus1c_2014_7_17_10x_6_07.bmp,6,19503596094
111,2,sus1c,f,2014,7,17,10x,3,null,Chlorophyceae,null,Green algae (with flagella),/Users/maxcaplow/Desktop/images/2_sus1c_2014_7_17_10x_2_08.bmp,2,19939574249
112,2,sus1c,f,2014,7,17,10x,1,null,Gamophyceae,null,Filamentous green algae,/Users/maxcaplow/Desktop/images/2_sus1c_2014_7_17_10x_4_08.bmp,4,20099968556
113,2,sus1c,f,2014,7,17,10x,1,null,null,null,Blue-green algae (cyanobacteria),/Users/maxcaplow/Desktop/images/2_sus1c_2014_7_17_10x_9_08.bmp,9,19938153258
114,2,sus1c,f,2014,7,17,10x,3,null,Chlorophyceae,null,Green algae (with flagella),/Users/maxcaplow/Desktop/images/2_sus1c_2014_7_17_10x_2_09.bmp,2,19938237690
115,2,sus1c,f,2014,7,17,10x,1,null,Chlorophyceae,null,Green algae (no flagella),/Users/maxcaplow/Desktop/images/2_sus1c_2014_7_17_10x_3_09.bmp,3,19505268723
116,2,sus1c,f,2014,7,17,20x,1,null,Chlorophyceae,null,Green algae (with flagella),/Users/maxcaplow/Desktop/images/2_sus1c_2014_7_17_20x_2_09.bmp,2,19939582729
117,2,sus1c,f,2014,7,17,20x,1,null,Bacillariophyceae,null,Diatoms,/Users/maxcaplow/Desktop/images/2_sus1c_2014_7_17_20x_6_09.bmp,6,20126256465
118,2,sus1c,f,2014,7,17,20x,1,null,Chlorophyceae,null,Green algae (with flagella),/Users/maxcaplow/Desktop/images/2_sus1c_2014_7_17_20x_2_00.bmp,2,19938243350
119,2,sus1c,f,2014,7,17,20x,2,null,Chlorophyceae,null,Green algae (no flagella),/Users/maxcaplow/Desktop/images/2_sus1c_2014_7_17_20x_3_00.bmp,3,20118239382
120,2,sus1c,f,2014,7,17,20x,2,null,Chlorophyceae,null,Green algae (with flagella),/Users/maxcaplow/Desktop/images/2_sus1c_2014_7_17_20x_2_01.bmp,2,20126260575
121,2,sus1c,f,2014,7,17,20x,1,null,Chlorophyceae,null,Green algae (with flagella),/Users/maxcaplow/Desktop/images/2_sus1c_2014_7_17_20x_2_02.bmp,2,19503612224
122,2,sus1c,f,2014,7,17,20x,1,null,Bacillariophyceae,null,Diatoms,/Users/maxcaplow/Desktop/images/2_sus1c_2014_7_17_20x_6_02.bmp,6,20131781191
123,2,sus1c,f,2014,7,17,20x,1,null,Chlorophyceae,null,Green algae (no flagella),/Users/maxcaplow/Desktop/images/2_sus1c_2014_7_17_20x_3_03.bmp,3,19503615244
124,2,sus1c,f,2014,7,17,20x,1,null,Gamophyceae,null,Filamentous green algae,/Users/maxcaplow/Desktop/images/2_sus1c_2014_7_17_20x_4_04.bmp,4,19503616754
125,2,sus1c,f,2014,7,17,20x,2,null,Gamophyceae,null,Filamentous green algae,/Users/maxcaplow/Desktop/images/2_sus1c_2014_7_17_20x_4_06.bmp,4,19505284063
126,2,sus1c,f,2014,7,17,20x,1,null,Chlorophyceae,null,Green algae (with flagella),/Users/maxcaplow/Desktop/images/2_sus1c_2014_7_17_20x_2_05.bmp,2,19938177778
127,2,sus1c,f,2014,7,17,20x,1,null,Chlorophyceae,null,Green algae (no flagella),/Users/maxcaplow/Desktop/images/2_sus1c_2014_7_17_20x_3_05.bmp,3,20131795251
128,2,sus1c,f,2014,7,17,20x,1,null,Gamophyceae,null,Filamentous green algae,/Users/maxcaplow/Desktop/images/2_sus1c_2014_7_17_20x_4_05.bmp,4,19939606239
129,2,sus1c,f,2014,7,17,20x,1,null,Gamophyceae,null,Desmids,/Users/maxcaplow/Desktop/images/2_sus1c_2014_7_17_20x_5_05.bmp,5,20131799661
130,2,sus1c,f,2014,7,17,20x,1,null,Gamophyceae,null,Filamentous green algae,/Users/maxcaplow/Desktop/images/2_sus1c_2014_7_17_20x_4_07.bmp,4,19938184978
131,2,sus1c,f,2014,7,17,20x,1,null,Chlorophyceae,null,Green algae (no flagella),/Users/maxcaplow/Desktop/images/2_sus1c_2014_7_17_20x_3_08.bmp,3,19505300303
132,2,sus1c,f,2014,7,17,20x,2,null,null,null,Blue-green algae (cyanobacteria),/Users/maxcaplow/Desktop/images/2_sus1c_2014_7_17_20x_9_08.bmp,9,20126286935
133,2,sus1c,f,2014,7,17,40x,2,null,Chlorophyceae,null,Green algae (with flagella),/Users/maxcaplow/Desktop/images/2_sus1c_2014_7_17_40x_2_08.bmp,2,20126288045
134,2,sus1c,f,2014,7,17,40x,1,null,Chlorophyceae,null,Green algae (no flagella),/Users/maxcaplow/Desktop/images/2_sus1c_2014_7_17_40x_3_00.bmp,3,19938191428
135,2,sus1c,f,2014,7,17,40x,1,null,null,null,Blue-green algae (cyanobacteria),/Users/maxcaplow/Desktop/images/2_sus1c_2014_7_17_40x_9_00.bmp,9,20131808791
136,2,sus1c,f,2014,7,17,40x,1,null,Chlorophyceae,null,Green algae (no flagella),/Users/maxcaplow/Desktop/images/2_sus1c_2014_7_17_40x_3_02.bmp,3,20126292375
137,2,sus1c,f,2014,7,17,40x,1,null,Chlorophyceae,null,Green algae (with flagella),/Users/maxcaplow/Desktop/images/2_sus1c_2014_7_17_40x_2_03.bmp,2,19505308683
138,2,sus1c,f,2014,7,17,40x,1,null,null,null,Blue-green algae (cyanobacteria),/Users/maxcaplow/Desktop/images/2_sus1c_2014_7_17_40x_9_03.bmp,9,20131813121
139,2,sus1c,f,2014,7,17,40x,1,null,Gamophyceae,null,Filamentous green algae,/Users/maxcaplow/Desktop/images/2_sus1c_2014_7_17_40x_4_05.bmp,4,20126298415
140,2,sus1c,f,2014,7,17,40x,1,null,Chlorophyceae,null,Green algae (no flagella),/Users/maxcaplow/Desktop/images/2_sus1c_2014_7_17_40x_3_06.bmp,3,19503650354
141,6,sus1a,f,2014,7,17,10x,1,null,Chlorophyceae,null,Green algae (with flagella),/Users/maxcaplow/Desktop/images/6_sus1a_2014_7_17_10x_2_00.bmp,2,19939630489
142,6,sus1a,f,2014,7,17,10x,2,null,Chlorophyceae,null,Green algae (no flagella),/Users/maxcaplow/Desktop/images/6_sus1a_2014_7_17_10x_3_00.bmp,3,19938206288
143,6,sus1a,f,2014,7,17,10x,2,null,Bacillariophyceae,null,Diatoms,/Users/maxcaplow/Desktop/images/6_sus1a_2014_7_17_10x_6_00.bmp,6,19938289630
144,6,sus1a,f,2014,7,17,10x,1,null,Gamophyceae,null,Filamentous green algae,/Users/maxcaplow/Desktop/images/6_sus1a_2014_7_17_10x_4_02.bmp,4,20126306425
145,6,sus1a,f,2014,7,17,10x,1,null,Dinoflagellate,null,Dinoflagellates,/Users/maxcaplow/Desktop/images/6_sus1a_2014_7_17_10x_10_03.bmp,10,19503657764
146,6,sus1a,f,2014,7,17,10x,3,null,Chlorophyceae,null,Green algae (no flagella),/Users/maxcaplow/Desktop/images/6_sus1a_2014_7_17_10x_3_04.bmp,3,20126309425
147,6,sus1a,f,2014,7,17,10x,1,null,Gamophyceae,null,Filamentous green algae,/Users/maxcaplow/Desktop/images/6_sus1a_2014_7_17_10x_4_04.bmp,4,19938213708
148,6,sus1a,f,2014,7,17,10x,2,null,Bacillariophyceae,null,Diatoms,/Users/maxcaplow/Desktop/images/6_sus1a_2014_7_17_10x_6_05.bmp,6,20131831911
149,6,sus1a,f,2014,7,17,10x,2,null,Chlorophyceae,null,Green algae (no flagella),/Users/maxcaplow/Desktop/images/6_sus1a_2014_7_17_10x_3_06.bmp,3,19938298640
150,6,sus1a,f,2014,7,17,10x,1,null,Chlorophyceae,null,Green algae (with flagella),/Users/maxcaplow/Desktop/images/6_sus1a_2014_7_17_10x_2_07.bmp,2,19938219048
151,6,sus1a,f,2014,7,17,10x,2,null,Chlorophyceae,null,Green algae (no flagella),/Users/maxcaplow/Desktop/images/6_sus1a_2014_7_17_10x_3_07.bmp,3,19505332723
152,6,sus1a,f,2014,7,17,10x,5,null,Chlorophyceae,null,Green algae (with flagella),/Users/maxcaplow/Desktop/images/6_sus1a_2014_7_17_10x_2_08.bmp,2,19503668334
153,6,sus1a,f,2014,7,17,10x,1,null,Chlorophyceae,null,Green algae (no flagella),/Users/maxcaplow/Desktop/images/6_sus1a_2014_7_17_10x_3_01.bmp,3,19503671334
154,6,sus1a,f,2014,7,17,10x,3,null,Chlorophyceae,null,Green algae (with flagella),/Users/maxcaplow/Desktop/images/6_sus1a_2014_7_17_10x_2_09.bmp,2,19938307510
155,6,sus1a,f,2014,7,17,10x,1,null,null,null,Blue-green algae (cyanobacteria),/Users/maxcaplow/Desktop/images/6_sus1a_2014_7_17_10x_9_09.bmp,9,20126324265
156,6,sus1a,f,2014,7,17,20x,1,null,Chlorophyceae,null,Green algae (no flagella),/Users/maxcaplow/Desktop/images/6_sus1a_2014_7_17_20x_3_00.bmp,3,19939654219
157,6,sus1a,f,2014,7,17,20x,1,null,Chlorophyceae,null,Green algae (no flagella),/Users/maxcaplow/Desktop/images/6_sus1a_2014_7_17_20x_3_01.bmp,3,20118315352
158,6,sus1a,f,2014,7,17,20x,1,null,Chlorophyceae,null,Green algae (no flagella),/Users/maxcaplow/Desktop/images/6_sus1a_2014_7_17_20x_3_02.bmp,3,19938321300
159,6,sus1a,f,2014,7,17,20x,1,null,Bacillariophyceae,null,Diatoms,/Users/maxcaplow/Desktop/images/6_sus1a_2014_7_17_20x_6_02.bmp,6,19938322610
160,6,sus1a,f,2014,7,17,20x,1,null,Dinoflagellate,null,Dinoflagellates,/Users/maxcaplow/Desktop/images/6_sus1a_2014_7_17_20x_10_02.bmp,10,19938242678
161,6,sus1a,f,2014,7,17,20x,2,null,Chlorophyceae,null,Green algae (with flagella),/Users/maxcaplow/Desktop/images/6_sus1a_2014_7_17_20x_2_03.bmp,2,19939669069
162,6,sus1a,f,2014,7,17,20x,1,null,Chlorophyceae,null,Green algae (no flagella),/Users/maxcaplow/Desktop/images/6_sus1a_2014_7_17_20x_3_03.bmp,3,20131861261
163,6,sus1a,f,2014,7,17,20x,1,null,Bacillariophyceae,null,Diatoms,/Users/maxcaplow/Desktop/images/6_sus1a_2014_7_17_20x_6_03.bmp,6,19505359793
164,6,sus1a,f,2014,7,17,20x,3,null,Chlorophyceae,null,Green algae (with flagella),/Users/maxcaplow/Desktop/images/6_sus1a_2014_7_17_20x_2_04.bmp,2,19939673099
165,6,sus1a,f,2014,7,17,20x,2,null,Chlorophyceae,null,Green algae (with flagella),/Users/maxcaplow/Desktop/images/6_sus1a_2014_7_17_20x_2_05.bmp,2,20131865901
166,6,sus1a,f,2014,7,17,20x,1,null,Chlorophyceae,null,Green algae (no flagella),/Users/maxcaplow/Desktop/images/6_sus1a_2014_7_17_20x_3_05.bmp,3,20100067546
167,6,sus1a,f,2014,7,17,20x,1,null,Chlorophyceae,null,Green algae (with flagella),/Users/maxcaplow/Desktop/images/6_sus1a_2014_7_17_20x_2_06.bmp,2,20131868931
168,6,sus1a,f,2014,7,17,20x,1,null,Chlorophyceae,null,Green algae (no flagella),/Users/maxcaplow/Desktop/images/6_sus1a_2014_7_17_20x_3_06.bmp,3,19939678619
169,6,sus1a,f,2014,7,17,20x,1,null,Gamophyceae,null,Filamentous green algae,/Users/maxcaplow/Desktop/images/6_sus1a_2014_7_17_20x_4_07.bmp,4,19939682259
170,6,sus1a,f,2014,7,17,20x,2,null,null,null,Blue-green algae (cyanobacteria),/Users/maxcaplow/Desktop/images/6_sus1a_2014_7_17_20x_9_07.bmp,9,19505370883
171,6,sus1a,f,2014,7,17,20x,1,null,Chlorophyceae,null,Green algae (with flagella),/Users/maxcaplow/Desktop/images/6_sus1a_2014_7_17_20x_2_08.bmp,2,20100076366
172,6,sus1a,f,2014,7,17,20x,1,null,Bacillariophyceae,null,Diatoms,/Users/maxcaplow/Desktop/images/6_sus1a_2014_7_17_20x_6_08.bmp,6,19503708874
173,6,sus1a,f,2014,7,17,20x,1,null,Chlorophyceae,null,Green algae (no flagella),/Users/maxcaplow/Desktop/images/6_sus1a_2014_7_17_20x_3_09.bmp,3,19938344360
174,6,sus1a,f,2014,7,17,20x,1,Heliozoea,Sacrodina,null,Heliozoans,/Users/maxcaplow/Desktop/images/6_sus1a_2014_7_17_20x_8_09.bmp,8,19939688829
175,6,sus1a,f,2014,7,17,20x,1,null,null,null,Blue-green algae (cyanobacteria),/Users/maxcaplow/Desktop/images/6_sus1a_2014_7_17_20x_9_09.bmp,9,20118343272
176,6,sus1a,f,2014,7,17,40x,1,Heliozoea,Sacrodina,null,Heliozoans,/Users/maxcaplow/Desktop/images/6_sus1a_2014_7_17_40x_8_00.bmp,8,20126364395
177,6,sus1a,f,2014,7,17,40x,1,null,Chlorophyceae,null,Green algae (no flagella),/Users/maxcaplow/Desktop/images/6_sus1a_2014_7_17_40x_3_01.bmp,3,19938268948
178,6,sus1a,f,2014,7,17,40x,1,null,Chlorophyceae,null,Green algae (no flagella),/Users/maxcaplow/Desktop/images/6_sus1a_2014_7_17_40x_3_02.bmp,3,20126367545
179,6,sus1a,f,2014,7,17,40x,1,null,Chlorophyceae,null,Green algae (with flagella),/Users/maxcaplow/Desktop/images/6_sus1a_2014_7_17_40x_2_03.bmp,2,19938353600
180,6,sus1a,f,2014,7,17,40x,1,null,Bacillariophyceae,null,Diatoms,/Users/maxcaplow/Desktop/images/6_sus1a_2014_7_17_40x_6_03.bmp,6,20118351042
181,6,sus1a,f,2014,7,17,40x,2,null,Chlorophyceae,null,Green algae (no flagella),/Users/maxcaplow/Desktop/images/6_sus1a_2014_7_17_40x_3_04.bmp,3,19938275438
182,6,sus1a,f,2014,7,17,40x,1,null,Gamophyceae,null,Filamentous green algae,/Users/maxcaplow/Desktop/images/6_sus1a_2014_7_17_40x_4_05.bmp,4,20131893141
183,6,sus1a,f,2014,7,17,40x,1,null,null,null,Blue-green algae (cyanobacteria),/Users/maxcaplow/Desktop/images/6_sus1a_2014_7_17_40x_9_05.bmp,9,19503725374
184,6,sus1a,f,2014,7,17,40x,1,null,Chlorophyceae,null,Green algae (no flagella),/Users/maxcaplow/Desktop/images/6_sus1a_2014_7_17_40x_3_06.bmp,3,20118356722
185,6,sus1a,f,2014,7,17,40x,1,Heliozoea,Sacrodina,null,Heliozoans,/Users/maxcaplow/Desktop/images/6_sus1a_2014_7_17_40x_8_07.bmp,8,19503728594
186,6,sus1a,f,2014,7,17,40x,1,null,Chlorophyceae,null,Green algae (no flagella),/Users/maxcaplow/Desktop/images/6_sus1a_2014_7_17_40x_3_08.bmp,3,20131898481
187,6,sus1a,f,2014,7,17,40x,1,null,Chlorophyceae,null,Green algae (with flagella),/Users/maxcaplow/Desktop/images/6_sus1a_2014_7_17_40x_2_09.bmp,2,20100099116
188,6,sus1b,f,2014,7,17,10x,4,null,Chlorophyceae,null,Green algae (with flagella),/Users/maxcaplow/Desktop/images/6_sus1b_2014_7_17_10x_2_09.bmp,2,19505396933
189,6,sus1b,f,2014,7,17,10x,3,null,Chlorophyceae,null,Green algae (with flagella),/Users/maxcaplow/Desktop/images/6_sus1b_2014_7_17_10x_2_00.bmp,2,20100101536
190,6,sus1b,f,2014,7,17,10x,4,null,Chlorophyceae,null,Green algae (with flagella),/Users/maxcaplow/Desktop/images/6_sus1b_2014_7_17_10x_2_01.bmp,2,19503735184
191,6,sus1b,f,2014,7,17,10x,1,null,Chlorophyceae,null,Green algae (no flagella),/Users/maxcaplow/Desktop/images/6_sus1b_2014_7_17_10x_3_01.bmp,3,20126386735
192,6,sus1b,f,2014,7,17,10x,1,null,null,null,Blue-green algae (cyanobacteria),/Users/maxcaplow/Desktop/images/6_sus1b_2014_7_17_10x_9_01.bmp,9,20118367082
193,6,sus1b,f,2014,7,17,10x,1,null,Gamophyceae,null,Filamentous green algae,/Users/maxcaplow/Desktop/images/6_sus1b_2014_7_17_10x_4_02.bmp,4,19505404563
194,6,sus1b,f,2014,7,17,10x,2,null,Chlorophyceae,null,Green algae (with flagella),/Users/maxcaplow/Desktop/images/6_sus1b_2014_7_17_10x_2_03.bmp,2,20100109126
195,6,sus1b,f,2014,7,17,10x,2,null,Chlorophyceae,null,Green algae (no flagella),/Users/maxcaplow/Desktop/images/6_sus1b_2014_7_17_10x_3_04.bmp,3,19939719319
196,6,sus1b,f,2014,7,17,10x,1,null,Chlorophyceae,null,Green algae (with flagella),/Users/maxcaplow/Desktop/images/6_sus1b_2014_7_17_10x_2_05.bmp,2,20126394435
197,6,sus1b,f,2014,7,17,10x,1,null,Chlorophyceae,null,Green algae (with flagella),/Users/maxcaplow/Desktop/images/6_sus1b_2014_7_17_10x_2_06.bmp,2,20100113906
198,6,sus1b,f,2014,7,17,10x,1,null,Bacillariophyceae,null,Diatoms,/Users/maxcaplow/Desktop/images/6_sus1b_2014_7_17_10x_6_06.bmp,6,19938299878
199,6,sus1b,f,2014,7,17,10x,1,null,Chlorophyceae,null,Green algae (with flagella),/Users/maxcaplow/Desktop/images/6_sus1b_2014_7_17_10x_2_07.bmp,2,20126399025
200,6,sus1b,f,2014,7,17,10x,1,null,Chlorophyceae,null,Green algae (no flagella),/Users/maxcaplow/Desktop/images/6_sus1b_2014_7_17_10x_3_08.bmp,3,20118379662
201,6,sus1b,f,2014,7,17,20x,1,null,Chlorophyceae,null,Green algae (no flagella),/Users/maxcaplow/Desktop/images/6_sus1b_2014_7_17_20x_3_09.bmp,3,19939727859
202,6,sus1b,f,2014,7,17,20x,2,null,Bacillariophyceae,null,Diatoms,/Users/maxcaplow/Desktop/images/6_sus1b_2014_7_17_20x_6_09.bmp,6,19503753654
203,6,sus1b,f,2014,7,17,20x,2,null,Chlorophyceae,null,Green algae (with flagella),/Users/maxcaplow/Desktop/images/6_sus1b_2014_7_17_20x_2_00.bmp,2,20131922141
204,6,sus1b,f,2014,7,17,20x,1,null,Chlorophyceae,null,Green algae (no flagella),/Users/maxcaplow/Desktop/images/6_sus1b_2014_7_17_20x_3_00.bmp,3,19505419903
205,6,sus1b,f,2014,7,17,20x,1,null,Bacillariophyceae,null,Diatoms,/Users/maxcaplow/Desktop/images/6_sus1b_2014_7_17_20x_6_00.bmp,6,20100125146
206,6,sus1b,f,2014,7,17,20x,2,null,Chlorophyceae,null,Green algae (with flagella),/Users/maxcaplow/Desktop/images/6_sus1b_2014_7_17_20x_2_01.bmp,2,19938391760
207,6,sus1b,f,2014,7,17,20x,1,null,Chlorophyceae,null,Green algae (no flagella),/Users/maxcaplow/Desktop/images/6_sus1b_2014_7_17_20x_3_01.bmp,3,20126409135
208,6,sus1b,f,2014,7,17,20x,1,null,Chlorophyceae,null,Green algae (no flagella),/Users/maxcaplow/Desktop/images/6_sus1b_2014_7_17_20x_3_02.bmp,3,19505425333
209,6,sus1b,f,2014,7,17,20x,1,null,Chlorophyceae,null,Green algae (with flagella),/Users/maxcaplow/Desktop/images/6_sus1b_2014_7_17_20x_2_03.bmp,2,20131929921
210,6,sus1b,f,2014,7,17,20x,2,null,Chlorophyceae,null,Green algae (no flagella),/Users/maxcaplow/Desktop/images/6_sus1b_2014_7_17_20x_3_03.bmp,3,19505427993
211,6,sus1b,f,2014,7,17,20x,2,null,Chlorophyceae,null,Green algae (with flagella),/Users/maxcaplow/Desktop/images/6_sus1b_2014_7_17_20x_2_04.bmp,2,19938317298
212,6,sus1b,f,2014,7,17,20x,1,null,Chlorophyceae,null,Green algae (with flagella),/Users/maxcaplow/Desktop/images/6_sus1b_2014_7_17_20x_2_05.bmp,2,19938319118
213,6,sus1b,f,2014,7,17,20x,2,null,Chlorophyceae,null,Green algae (no flagella),/Users/maxcaplow/Desktop/images/6_sus1b_2014_7_17_20x_3_06.bmp,3,20100135826
214,6,sus1b,f,2014,7,17,20x,1,null,Gamophyceae,null,Filamentous green algae,/Users/maxcaplow/Desktop/images/6_sus1b_2014_7_17_20x_4_07.bmp,4,20118398732
215,6,sus1b,f,2014,7,17,20x,1,null,Dinoflagellate,null,Dinoflagellates,/Users/maxcaplow/Desktop/images/6_sus1b_2014_7_17_20x_10_08.bmp,10,20118400142
216,6,sus1b,f,2014,7,17,40x,1,null,Bacillariophyceae,null,Diatoms,/Users/maxcaplow/Desktop/images/6_sus1b_2014_7_17_40x_6_09.bmp,6,19938405410
217,6,sus1b,f,2014,7,17,40x,1,null,Chlorophyceae,null,Green algae (no flagella),/Users/maxcaplow/Desktop/images/6_sus1b_2014_7_17_40x_3_00.bmp,3,19503773964
218,6,sus1b,f,2014,7,17,40x,1,null,Gamophyceae,null,Filamentous green algae,/Users/maxcaplow/Desktop/images/6_sus1b_2014_7_17_40x_4_01.bmp,4,20131942191
219,6,sus1b,f,2014,7,17,40x,1,null,Chlorophyceae,null,Green algae (no flagella),/Users/maxcaplow/Desktop/images/6_sus1b_2014_7_17_40x_3_02.bmp,3,20131943601
220,6,sus1b,f,2014,7,17,40x,1,null,Gamophyceae,null,Filamentous green algae,/Users/maxcaplow/Desktop/images/6_sus1b_2014_7_17_40x_4_03.bmp,4,20100145396
221,6,sus1b,f,2014,7,17,40x,1,null,Chlorophyceae,null,Green algae (no flagella),/Users/maxcaplow/Desktop/images/6_sus1b_2014_7_17_40x_3_04.bmp,3,19505443403
222,6,sus1b,f,2014,7,17,40x,1,null,Chlorophyceae,null,Green algae (with flagella),/Users/maxcaplow/Desktop/images/6_sus1b_2014_7_17_40x_2_05.bmp,2,19938413520
223,6,sus1b,f,2014,7,17,40x,1,null,Gamophyceae,null,Filamentous green algae,/Users/maxcaplow/Desktop/images/6_sus1b_2014_7_17_40x_4_06.bmp,4,20126431305
224,6,sus1b,f,2014,7,17,40x,1,null,Chlorophyceae,null,Green algae (with flagella),/Users/maxcaplow/Desktop/images/6_sus1b_2014_7_17_40x_2_07.bmp,2,20100150706
225,6,sus1b,f,2014,7,17,40x,1,null,Chlorophyceae,null,Green algae (no flagella),/Users/maxcaplow/Desktop/images/6_sus1b_2014_7_17_40x_3_08.bmp,3,20126434645
226,6,sus1c,f,2014,7,17,10x,2,null,Chlorophyceae,null,Green algae (with flagella),/Users/maxcaplow/Desktop/images/6_sus1c_2014_7_17_10x_2_09.bmp,2,19939762249
227,6,sus1c,f,2014,7,17,10x,1,null,Dinoflagellate,null,Dinoflagellates,/Users/maxcaplow/Desktop/images/6_sus1c_2014_7_17_10x_10_09.bmp,10,19505452393
228,6,sus1c,f,2014,7,17,10x,1,null,Bacillariophyceae,null,Diatoms,/Users/maxcaplow/Desktop/images/6_sus1c_2014_7_17_10x_6_00.bmp,6,19503790504
229,6,sus1c,f,2014,7,17,10x,2,null,Bacillariophyceae,null,Diatoms,/Users/maxcaplow/Desktop/images/6_sus1c_2014_7_17_10x_6_01.bmp,6,19938344748
230,6,sus1c,f,2014,7,17,10x,1,null,Chlorophyceae,null,Green algae (with flagella),/Users/maxcaplow/Desktop/images/6_sus1c_2014_7_17_10x_2_02.bmp,2,19505457573
231,6,sus1c,f,2014,7,17,10x,2,null,Bacillariophyceae,null,Diatoms,/Users/maxcaplow/Desktop/images/6_sus1c_2014_7_17_10x_6_02.bmp,6,20131962231
232,6,sus1c,f,2014,7,17,10x,1,null,Chlorophyceae,null,Green algae (no flagella),/Users/maxcaplow/Desktop/images/6_sus1c_2014_7_17_10x_3_03.bmp,3,19503797014
233,6,sus1c,f,2014,7,17,10x,1,null,Bacillariophyceae,null,Diatoms,/Users/maxcaplow/Desktop/images/6_sus1c_2014_7_17_10x_6_03.bmp,6,19939773999
234,6,sus1c,f,2014,7,17,10x,1,Heliozoea,Sacrodina,null,Heliozoans,/Users/maxcaplow/Desktop/images/6_sus1c_2014_7_17_10x_8_03.bmp,8,20126449865
235,6,sus1c,f,2014,7,17,10x,1,null,Bacillariophyceae,null,Diatoms,/Users/maxcaplow/Desktop/images/6_sus1c_2014_7_17_10x_6_04.bmp,6,19938354308
236,6,sus1c,f,2014,7,17,10x,1,null,Chlorophyceae,null,Green algae (with flagella),/Users/maxcaplow/Desktop/images/6_sus1c_2014_7_17_10x_2_05.bmp,2,20100170626
237,6,sus1c,f,2014,7,17,10x,1,null,Chlorophyceae,null,Green algae (with flagella),/Users/maxcaplow/Desktop/images/6_sus1c_2014_7_17_10x_2_06.bmp,2,19939779739
238,6,sus1c,f,2014,7,17,10x,1,null,Bacillariophyceae,null,Diatoms,/Users/maxcaplow/Desktop/images/6_sus1c_2014_7_17_10x_6_06.bmp,6,20126455775
239,6,sus1c,f,2014,7,17,10x,1,null,Chlorophyceae,null,Green algae (with flagella),/Users/maxcaplow/Desktop/images/6_sus1c_2014_7_17_10x_2_07.bmp,2,19503807744
240,6,sus1c,f,2014,7,17,10x,1,Heliozoea,Sacrodina,null,Heliozoans,/Users/maxcaplow/Desktop/images/6_sus1c_2014_7_17_10x_8_07.bmp,8,20131976841
241,6,sus1c,f,2014,7,17,10x,2,null,Chlorophyceae,null,Green algae (no flagella),/Users/maxcaplow/Desktop/images/6_sus1c_2014_7_17_10x_3_08.bmp,3,20126459925
242,6,sus1c,f,2014,7,17,10x,1,Heliozoea,Sacrodina,null,Heliozoans,/Users/maxcaplow/Desktop/images/6_sus1c_2014_7_17_10x_8_08.bmp,8,19503812364
243,6,sus1c,f,2014,7,17,20x,1,null,Bacillariophyceae,null,Diatoms,/Users/maxcaplow/Desktop/images/6_sus1c_2014_7_17_20x_6_00.bmp,6,19939788209
244,6,sus1c,f,2014,7,17,20x,1,null,Chlorophyceae,null,Green algae (no flagella),/Users/maxcaplow/Desktop/images/6_sus1c_2014_7_17_20x_3_01.bmp,3,19938447560
245,6,sus1c,f,2014,7,17,20x,1,null,Bacillariophyceae,null,Diatoms,/Users/maxcaplow/Desktop/images/6_sus1c_2014_7_17_20x_6_01.bmp,6,19503816474
246,6,sus1c,f,2014,7,17,20x,1,null,Chlorophyceae,null,Green algae (no flagella),/Users/maxcaplow/Desktop/images/6_sus1c_2014_7_17_20x_3_02.bmp,3,20118447052
247,6,sus1c,f,2014,7,17,20x,1,null,Dinoflagellate,null,Dinoflagellates,/Users/maxcaplow/Desktop/images/6_sus1c_2014_7_17_20x_10_02.bmp,10,20100187346
248,6,sus1c,f,2014,7,17,20x,1,null,Chlorophyceae,null,Green algae (with flagella),/Users/maxcaplow/Desktop/images/6_sus1c_2014_7_17_20x_2_03.bmp,2,20131988481
249,6,sus1c,f,2014,7,17,20x,1,null,Chlorophyceae,null,Green algae (no flagella),/Users/maxcaplow/Desktop/images/6_sus1c_2014_7_17_20x_3_04.bmp,3,20118450822
250,6,sus1c,f,2014,7,17,20x,1,null,Bacillariophyceae,null,Diatoms,/Users/maxcaplow/Desktop/images/6_sus1c_2014_7_17_20x_6_04.bmp,6,20100191256
251,6,sus1c,f,2014,7,17,20x,1,null,Gamophyceae,null,Filamentous green algae,/Users/maxcaplow/Desktop/images/6_sus1c_2014_7_17_20x_4_05.bmp,4,19505488513
252,6,sus1c,f,2014,7,17,20x,1,null,Bacillariophyceae,null,Diatoms,/Users/maxcaplow/Desktop/images/6_sus1c_2014_7_17_20x_6_05.bmp,6,19939799539
253,6,sus1c,f,2014,7,17,20x,1,null,null,null,Blue-green algae (cyanobacteria),/Users/maxcaplow/Desktop/images/6_sus1c_2014_7_17_20x_9_05.bmp,9,19938380738
254,6,sus1c,f,2014,7,17,20x,4,null,Chlorophyceae,null,Green algae (with flagella),/Users/maxcaplow/Desktop/images/6_sus1c_2014_7_17_20x_2_08.bmp,2,19505493333
255,6,sus1c,f,2014,7,17,20x,2,null,Chlorophyceae,null,Green algae (no flagella),/Users/maxcaplow/Desktop/images/6_sus1c_2014_7_17_20x_3_08.bmp,3,20118459732
256,6,sus1c,f,2014,7,17,20x,1,null,Gamophyceae,null,Filamentous green algae,/Users/maxcaplow/Desktop/images/6_sus1c_2014_7_17_20x_4_08.bmp,4,20100201896
257,6,sus1c,f,2014,7,17,20x,1,null,Bacillariophyceae,null,Diatoms,/Users/maxcaplow/Desktop/images/6_sus1c_2014_7_17_20x_6_08.bmp,6,20126483785
258,6,sus1c,f,2014,7,17,20x,1,null,Chlorophyceae,null,Green algae (no flagella),/Users/maxcaplow/Desktop/images/6_sus1c_2014_7_17_20x_3_09.bmp,3,19505500073
259,6,sus1c,f,2014,7,17,20x,1,null,null,null,Blue-green algae (cyanobacteria),/Users/maxcaplow/Desktop/images/6_sus1c_2014_7_17_20x_9_09.bmp,9,19938470140
260,6,sus1c,f,2014,7,17,40x,3,null,Bacillariophyceae,null,Diatoms,/Users/maxcaplow/Desktop/images/6_sus1c_2014_7_17_40x_6_00.bmp,6,19938471580
261,6,sus1c,f,2014,7,17,40x,1,null,Bacillariophyceae,null,Diatoms,/Users/maxcaplow/Desktop/images/6_sus1c_2014_7_17_40x_6_01.bmp,6,20132007691
262,6,sus1c,f,2014,7,17,40x,3,null,null,null,Blue-green algae (cyanobacteria),/Users/maxcaplow/Desktop/images/6_sus1c_2014_7_17_40x_9_02.bmp,9,20132009581
263,6,sus1c,f,2014,7,17,40x,2,null,Chlorophyceae,null,Green algae (with flagella),/Users/maxcaplow/Desktop/images/6_sus1c_2014_7_17_40x_2_03.bmp,2,20126492195
264,6,sus1c,f,2014,7,17,40x,1,null,Gamophyceae,null,Filamentous green algae,/Users/maxcaplow/Desktop/images/6_sus1c_2014_7_17_40x_4_04.bmp,4,20118473382
265,6,sus1c,f,2014,7,17,40x,1,null,Bacillariophyceae,null,Diatoms,/Users/maxcaplow/Desktop/images/6_sus1c_2014_7_17_40x_6_04.bmp,6,20118475342
266,6,sus1c,f,2014,7,17,40x,1,Heliozoea,Sacrodina,null,Heliozoans,/Users/maxcaplow/Desktop/images/6_sus1c_2014_7_17_40x_8_05.bmp,8,20132016451
267,6,sus1c,f,2014,7,17,40x,1,null,Bacillariophyceae,null,Diatoms,/Users/maxcaplow/Desktop/images/6_sus1c_2014_7_17_40x_6_06.bmp,6,20126498715
268,6,sus1c,f,2014,7,17,40x,1,Heliozoea,Sacrodina,null,Heliozoans,/Users/maxcaplow/Desktop/images/6_sus1c_2014_7_17_40x_8_07.bmp,8,19939824419
269,6,sus1c,f,2014,7,17,40x,1,null,null,null,Blue-green algae (cyanobacteria),/Users/maxcaplow/Desktop/images/6_sus1c_2014_7_17_40x_9_07.bmp,9,20100221256
270,6,sus1c,f,2014,7,17,40x,1,null,Chlorophyceae,null,Green algae (no flagella),/Users/maxcaplow/Desktop/images/6_sus1c_2014_7_17_40x_3_08.bmp,3,19503853874
271,6,sus1c,f,2014,7,17,40x,1,null,Chlorophyceae,null,Green algae (with flagella),/Users/maxcaplow/Desktop/images/6_sus1c_2014_7_17_40x_2_09.bmp,2,19938490200
272,6,sus1c,f,2014,7,17,40x,1,null,Bacillariophyceae,null,Diatoms,/Users/maxcaplow/Desktop/images/6_sus1c_2014_7_17_40x_6_09.bmp,6,19938411798
273,6,sus1c,f,2014,7,17,40x,1,null,Chlorophyceae,null,Green algae (no flagella),/Users/maxcaplow/Desktop/images/6_sus1c_2014_7_17_40x_3_10.bmp,3,20132029131
274,6,sus2a,f,2014,7,17,10x,1,null,Bacillariophyceae,null,Diatoms,/Users/maxcaplow/Desktop/images/6_sus2a_2014_7_17_10x_6_09.bmp,6,19939835029
275,6,sus2a,f,2014,7,17,10x,1,null,Chlorophyceae,null,Green algae (with flagella),/Users/maxcaplow/Desktop/images/6_sus2a_2014_7_17_10x_2_00.bmp,2,20132031871
276,6,sus2a,f,2014,7,17,10x,1,null,Dinoflagellate,null,Dinoflagellates,/Users/maxcaplow/Desktop/images/6_sus2a_2014_7_17_10x_10_02.bmp,10,19938498060
277,6,sus2a,f,2014,7,17,10x,1,null,Chlorophyceae,null,Green algae (with flagella),/Users/maxcaplow/Desktop/images/6_sus2a_2014_7_17_10x_2_03.bmp,2,19505531343
278,6,sus2a,f,2014,7,17,10x,1,null,Chlorophyceae,null,Green algae (no flagella),/Users/maxcaplow/Desktop/images/6_sus2a_2014_7_17_10x_3_04.bmp,3,19505532933
279,6,sus2a,f,2014,7,17,10x,1,null,Chlorophyceae,null,Green algae (with flagella),/Users/maxcaplow/Desktop/images/6_sus2a_2014_7_17_10x_2_05.bmp,2,19505534273
280,6,sus2a,f,2014,7,17,10x,1,null,Chlorophyceae,null,Green algae (with flagella),/Users/maxcaplow/Desktop/images/6_sus2a_2014_7_17_10x_2_06.bmp,2,20126521655
281,6,sus2a,f,2014,7,17,10x,1,null,Gamophyceae,null,Filamentous green algae,/Users/maxcaplow/Desktop/images/6_sus2a_2014_7_17_10x_4_07.bmp,4,19503874314
282,6,sus2a,f,2014,7,17,10x,1,null,Chlorophyceae,null,Green algae (no flagella),/Users/maxcaplow/Desktop/images/6_sus2a_2014_7_17_10x_3_08.bmp,3,20118503752
283,6,sus2a,f,2014,7,17,20x,1,null,Dinoflagellate,null,Dinoflagellates,/Users/maxcaplow/Desktop/images/6_sus2a_2014_7_17_20x_10_00.bmp,10,19503877214
284,6,sus2a,f,2014,7,17,20x,2,null,Chlorophyceae,null,Green algae (no flagella),/Users/maxcaplow/Desktop/images/6_sus2a_2014_7_17_20x_3_01.bmp,3,20132047071
285,6,sus2a,f,2014,7,17,20x,2,null,Chlorophyceae,null,Green algae (with flagella),/Users/maxcaplow/Desktop/images/6_sus2a_2014_7_17_20x_2_02.bmp,2,19503879764
286,6,sus2a,f,2014,7,17,20x,1,null,Chlorophyceae,null,Green algae (with flagella),/Users/maxcaplow/Desktop/images/6_sus2a_2014_7_17_20x_2_03.bmp,2,19505544033
287,6,sus2a,f,2014,7,17,20x,1,null,Gamophyceae,null,Filamentous green algae,/Users/maxcaplow/Desktop/images/6_sus2a_2014_7_17_20x_4_04.bmp,4,20118513212
288,6,sus2a,f,2014,7,17,20x,1,null,Bacillariophyceae,null,Diatoms,/Users/maxcaplow/Desktop/images/6_sus2a_2014_7_17_20x_6_05.bmp,6,19938520850
289,6,sus2a,f,2014,7,17,20x,4,null,Chlorophyceae,null,Green algae (no flagella),/Users/maxcaplow/Desktop/images/6_sus2a_2014_7_17_20x_3_06.bmp,3,20118518952
290,6,sus2a,f,2014,7,17,20x,2,null,Gamophyceae,null,Filamentous green algae,/Users/maxcaplow/Desktop/images/6_sus2a_2014_7_17_20x_4_07.bmp,4,19505557623
291,6,sus2a,f,2014,7,17,20x,1,null,Chlorophyceae,null,Green algae (with flagella),/Users/maxcaplow/Desktop/images/6_sus2a_2014_7_17_20x_2_08.bmp,2,19938449078
292,6,sus2a,f,2014,7,17,20x,1,null,Gamophyceae,null,Filamentous green algae,/Users/maxcaplow/Desktop/images/6_sus2a_2014_7_17_20x_4_08.bmp,4,19503900364
293,6,sus2a,f,2014,7,17,20x,3,null,Bacillariophyceae,null,Diatoms,/Users/maxcaplow/Desktop/images/6_sus2a_2014_7_17_20x_6_09.bmp,6,19939877689
294,6,sus2a,f,2014,7,17,40x,1,null,Chlorophyceae,null,"Green algae (with flagella, small)",/Users/maxcaplow/Desktop/images/6_sus2a_2014_7_17_40x_1_09.bmp,1,19938536780
295,6,sus2a,f,2014,7,17,40x,1,null,Dinoflagellate,null,Dinoflagellates,/Users/maxcaplow/Desktop/images/6_sus2a_2014_7_17_40x_10_00.bmp,10,20118533952
296,6,sus2a,f,2014,7,17,40x,1,null,Chlorophyceae,null,Green algae (with flagella),/Users/maxcaplow/Desktop/images/6_sus2a_2014_7_17_40x_2_01.bmp,2,19505570333
297,6,sus2a,f,2014,7,17,40x,1,null,Gamophyceae,null,Filamentous green algae,/Users/maxcaplow/Desktop/images/6_sus2a_2014_7_17_40x_4_03.bmp,4,19939883679
298,6,sus2a,f,2014,7,17,40x,1,null,Gamophyceae,null,Filamentous green algae,/Users/maxcaplow/Desktop/images/6_sus2a_2014_7_17_40x_4_04.bmp,4,20118538732
299,6,sus2a,f,2014,7,17,40x,1,null,Bacillariophyceae,null,Diatoms,/Users/maxcaplow/Desktop/images/6_sus2a_2014_7_17_40x_6_05.bmp,6,19505574573
300,6,sus2a,f,2014,7,17,40x,1,null,Chlorophyceae,null,Green algae (no flagella),/Users/maxcaplow/Desktop/images/6_sus2a_2014_7_17_40x_3_06.bmp,3,19939888529
301,6,sus2a,f,2014,7,17,40x,1,null,Bacillariophyceae,null,Diatoms,/Users/maxcaplow/Desktop/images/6_sus2a_2014_7_17_40x_6_06.bmp,6,19939889759
302,6,sus2a,f,2014,7,17,40x,1,null,Chlorophyceae,null,Green algae (with flagella),/Users/maxcaplow/Desktop/images/6_sus2a_2014_7_17_40x_2_07.bmp,2,19503915604
303,6,sus2a,f,2014,7,17,40x,1,null,Bacillariophyceae,null,Diatoms,/Users/maxcaplow/Desktop/images/6_sus2a_2014_7_17_40x_6_08.bmp,6,19938549610
304,6,sus2b,f,2014,7,17,10x,1,null,Chlorophyceae,null,Green algae (no flagella),/Users/maxcaplow/Desktop/images/6_sus2b_2014_7_17_10x_3_00.bmp,3,19938550730
305,6,sus2b,f,2014,7,17,10x,1,null,Chlorophyceae,null,Green algae (with flagella),/Users/maxcaplow/Desktop/images/6_sus2b_2014_7_17_10x_2_01.bmp,2,20126570975
306,6,sus2b,f,2014,7,17,10x,1,null,Gamophyceae,null,Filamentous green algae,/Users/maxcaplow/Desktop/images/6_sus2b_2014_7_17_10x_4_02.bmp,4,19938553450
307,6,sus2b,f,2014,7,17,10x,1,null,Chlorophyceae,null,Green algae (no flagella),/Users/maxcaplow/Desktop/images/6_sus2b_2014_7_17_10x_3_05.bmp,3,19938554770
308,6,sus2b,f,2014,7,17,10x,1,null,Chlorophyceae,null,Green algae (with flagella),/Users/maxcaplow/Desktop/images/6_sus2b_2014_7_17_10x_2_06.bmp,2,20100292756
309,6,sus2b,f,2014,7,17,10x,1,null,Chlorophyceae,null,Green algae (no flagella),/Users/maxcaplow/Desktop/images/6_sus2b_2014_7_17_10x_3_06.bmp,3,19938476998
310,6,sus2b,f,2014,7,17,10x,1,null,Chlorophyceae,null,Green algae (no flagella),/Users/maxcaplow/Desktop/images/6_sus2b_2014_7_17_10x_3_08.bmp,3,19503926204
311,6,sus2b,f,2014,7,17,20x,1,null,Chlorophyceae,null,Green algae (no flagella),/Users/maxcaplow/Desktop/images/6_sus2b_2014_7_17_20x_3_00.bmp,3,20126579485
312,6,sus2b,f,2014,7,17,20x,1,null,Gamophyceae,null,Filamentous green algae,/Users/maxcaplow/Desktop/images/6_sus2b_2014_7_17_20x_4_02.bmp,4,20118557892
313,6,sus2b,f,2014,7,17,20x,2,null,Chlorophyceae,null,Green algae (with flagella),/Users/maxcaplow/Desktop/images/6_sus2b_2014_7_17_20x_2_03.bmp,2,19939905679
314,6,sus2b,f,2014,7,17,20x,1,null,Chlorophyceae,null,Green algae (with flagella),/Users/maxcaplow/Desktop/images/6_sus2b_2014_7_17_20x_2_05.bmp,2,19503932014
315,6,sus2b,f,2014,7,17,20x,1,null,Chlorophyceae,null,Green algae (with flagella),/Users/maxcaplow/Desktop/images/6_sus2b_2014_7_17_20x_2_07.bmp,2,20126584775
316,6,sus2b,f,2014,7,17,20x,1,null,Chlorophyceae,null,Green algae (with flagella),/Users/maxcaplow/Desktop/images/6_sus2b_2014_7_17_20x_2_08.bmp,2,20100303806
317,6,sus2b,f,2014,7,17,20x,1,null,Chlorophyceae,null,Green algae (no flagella),/Users/maxcaplow/Desktop/images/6_sus2b_2014_7_17_20x_3_09.bmp,3,19938487718
318,6,sus2b,f,2014,7,17,40x,2,null,Chlorophyceae,null,Green algae (no flagella),/Users/maxcaplow/Desktop/images/6_sus2b_2014_7_17_40x_3_00.bmp,3,20118566032
319,6,sus2b,f,2014,7,17,40x,1,null,Chlorophyceae,null,Green algae (no flagella),/Users/maxcaplow/Desktop/images/6_sus2b_2014_7_17_40x_3_02.bmp,3,20132107841
320,6,sus2b,f,2014,7,17,40x,2,null,Chlorophyceae,null,Green algae (with flagella),/Users/maxcaplow/Desktop/images/6_sus2b_2014_7_17_40x_2_03.bmp,2,19938492278
321,6,sus2b,f,2014,7,17,40x,1,null,Chlorophyceae,null,Green algae (with flagella),/Users/maxcaplow/Desktop/images/6_sus2b_2014_7_17_40x_2_04.bmp,2,19503941644
322,6,sus2b,f,2014,7,17,40x,1,null,Chlorophyceae,null,Green algae (with flagella),/Users/maxcaplow/Desktop/images/6_sus2b_2014_7_17_40x_2_05.bmp,2,20126594075
323,6,sus2b,f,2014,7,17,40x,1,null,Chlorophyceae,null,Green algae (no flagella),/Users/maxcaplow/Desktop/images/6_sus2b_2014_7_17_40x_3_07.bmp,3,20118573272
324,6,sus2c,f,2014,7,17,10x,1,null,Chlorophyceae,null,Green algae (no flagella),/Users/maxcaplow/Desktop/images/6_sus2c_2014_7_17_10x_3_02.bmp,3,19938498018
325,6,sus2c,f,2014,7,17,10x,1,null,Chlorophyceae,null,Green algae (no flagella),/Users/maxcaplow/Desktop/images/6_sus2c_2014_7_17_10x_3_03.bmp,3,20126597735
326,6,sus2c,f,2014,7,17,10x,2,null,Chlorophyceae,null,Green algae (no flagella),/Users/maxcaplow/Desktop/images/6_sus2c_2014_7_17_10x_3_04.bmp,3,19938580460
327,6,sus2c,f,2014,7,17,10x,1,null,Chlorophyceae,null,Green algae (with flagella),/Users/maxcaplow/Desktop/images/6_sus2c_2014_7_17_10x_2_06.bmp,2,19505612593
328,6,sus2c,f,2014,7,17,10x,1,null,Chlorophyceae,null,Green algae (no flagella),/Users/maxcaplow/Desktop/images/6_sus2c_2014_7_17_10x_3_06.bmp,3,19939926719
329,6,sus2c,f,2014,7,17,10x,1,null,Chlorophyceae,null,Green algae (with flagella),/Users/maxcaplow/Desktop/images/6_sus2c_2014_7_17_10x_2_09.bmp,2,20100320926
330,6,sus2c,f,2014,7,17,20x,1,null,Chlorophyceae,null,Green algae (no flagella),/Users/maxcaplow/Desktop/images/6_sus2c_2014_7_17_20x_3_09.bmp,3,19503953544
331,6,sus2c,f,2014,7,17,20x,1,null,Chlorophyceae,null,Green algae (no flagella),/Users/maxcaplow/Desktop/images/6_sus2c_2014_7_17_20x_3_01.bmp,3,20100323846
332,6,sus2c,f,2014,7,17,20x,1,null,Chlorophyceae,null,Green algae (with flagella),/Users/maxcaplow/Desktop/images/6_sus2c_2014_7_17_20x_2_02.bmp,2,20126606565
333,6,sus2c,f,2014,7,17,20x,2,null,Chlorophyceae,null,Green algae (no flagella),/Users/maxcaplow/Desktop/images/6_sus2c_2014_7_17_20x_3_03.bmp,3,20100326116
334,6,sus2c,f,2014,7,17,20x,1,null,Chlorophyceae,null,Green algae (with flagella),/Users/maxcaplow/Desktop/images/6_sus2c_2014_7_17_20x_2_05.bmp,2,19505622183
335,6,sus2c,f,2014,7,17,20x,1,null,Chlorophyceae,null,Green algae (no flagella),/Users/maxcaplow/Desktop/images/6_sus2c_2014_7_17_20x_3_06.bmp,3,19938511878
336,6,sus2c,f,2014,7,17,20x,2,null,Chlorophyceae,null,Green algae (no flagella),/Users/maxcaplow/Desktop/images/6_sus2c_2014_7_17_20x_3_08.bmp,3,19939937289
337,6,sus2c,f,2014,7,17,40x,1,null,Chlorophyceae,null,Green algae (no flagella),/Users/maxcaplow/Desktop/images/6_sus2c_2014_7_17_40x_3_01.bmp,3,19938514398
338,6,sus2c,f,2014,7,17,40x,1,null,Chlorophyceae,null,Green algae (no flagella),/Users/maxcaplow/Desktop/images/6_sus2c_2014_7_17_40x_3_02.bmp,3,20132133341
339,6,sus2c,f,2014,7,17,40x,1,null,Chlorophyceae,null,Green algae (no flagella),/Users/maxcaplow/Desktop/images/6_sus2c_2014_7_17_40x_3_03.bmp,3,20126616255
340,6,sus2c,f,2014,7,17,40x,1,null,Chlorophyceae,null,Green algae (no flagella),/Users/maxcaplow/Desktop/images/6_sus2c_2014_7_17_40x_3_04.bmp,3,20132135911
341,6,sus2c,f,2014,7,17,40x,1,null,Chlorophyceae,null,Green algae (with flagella),/Users/maxcaplow/Desktop/images/6_sus2c_2014_7_17_40x_2_06.bmp,2,20100337036
342,6,sus2c,f,2014,7,17,40x,1,null,Chlorophyceae,null,Green algae (with flagella),/Users/maxcaplow/Desktop/images/6_sus2c_2014_7_17_40x_2_08.bmp,2,20132138501
343,7,sus1a,f,2014,7,17,10x,1,null,Chlorophyceae,null,Green algae (with flagella),/Users/maxcaplow/Desktop/images/7_sus1a_2014_7_17_10x_2_00.bmp,2,19938603250
344,7,sus1a,f,2014,7,17,10x,2,null,Chlorophyceae,null,Green algae (no flagella),/Users/maxcaplow/Desktop/images/7_sus1a_2014_7_17_10x_3_00.bmp,3,19503973114
345,7,sus1a,f,2014,7,17,10x,1,null,Bacillariophyceae,null,Diatoms,/Users/maxcaplow/Desktop/images/7_sus1a_2014_7_17_10x_6_00.bmp,6,19505637123
346,7,sus1a,f,2014,7,17,10x,1,null,Gamophyceae,null,Filamentous green algae,/Users/maxcaplow/Desktop/images/7_sus1a_2014_7_17_10x_4_01.bmp,4,19505638323
347,7,sus1a,f,2014,7,17,10x,4,null,Bacillariophyceae,null,Diatoms,/Users/maxcaplow/Desktop/images/7_sus1a_2014_7_17_10x_6_01.bmp,6,19505639983
348,7,sus1a,f,2014,7,17,10x,2,null,Chlorophyceae,null,Green algae (no flagella),/Users/maxcaplow/Desktop/images/7_sus1a_2014_7_17_10x_3_02.bmp,3,19938610880
349,7,sus1a,f,2014,7,17,10x,1,null,Gamophyceae,null,Filamentous green algae,/Users/maxcaplow/Desktop/images/7_sus1a_2014_7_17_10x_4_02.bmp,4,19938530998
350,7,sus1a,f,2014,7,17,10x,3,null,Bacillariophyceae,null,Diatoms,/Users/maxcaplow/Desktop/images/7_sus1a_2014_7_17_10x_6_02.bmp,6,19503980804
351,7,sus1a,f,2014,7,17,10x,2,null,Bacillariophyceae,null,Diatoms,/Users/maxcaplow/Desktop/images/7_sus1a_2014_7_17_10x_6_03.bmp,6,19938533758
352,7,sus1a,f,2014,7,17,10x,2,Heliozoea,Sacrodina,null,Heliozoans,/Users/maxcaplow/Desktop/images/7_sus1a_2014_7_17_10x_8_03.bmp,8,19938535268
353,7,sus1a,f,2014,7,17,10x,1,null,Gamophyceae,null,Filamentous green algae,/Users/maxcaplow/Desktop/images/7_sus1a_2014_7_17_10x_4_04.bmp,4,19938536398
354,7,sus1a,f,2014,7,17,10x,3,null,Bacillariophyceae,null,Diatoms,/Users/maxcaplow/Desktop/images/7_sus1a_2014_7_17_10x_6_04.bmp,6,19938537608
355,7,sus1a,f,2014,7,17,10x,1,null,Chlorophyceae,null,Green algae (with flagella),/Users/maxcaplow/Desktop/images/7_sus1a_2014_7_17_10x_2_05.bmp,2,19939963829
356,7,sus1a,f,2014,7,17,10x,4,null,Chlorophyceae,null,Green algae (no flagella),/Users/maxcaplow/Desktop/images/7_sus1a_2014_7_17_10x_3_05.bmp,3,20118618122
357,7,sus1a,f,2014,7,17,10x,1,null,Bacillariophyceae,null,Diatoms,/Users/maxcaplow/Desktop/images/7_sus1a_2014_7_17_10x_6_05.bmp,6,20132160801
358,7,sus1a,f,2014,7,17,10x,1,null,Chlorophyceae,null,Green algae (with flagella),/Users/maxcaplow/Desktop/images/7_sus1a_2014_7_17_10x_2_06.bmp,2,20132162401
359,7,sus1a,f,2014,7,17,10x,3,null,Chlorophyceae,null,Green algae (no flagella),/Users/maxcaplow/Desktop/images/7_sus1a_2014_7_17_10x_3_06.bmp,3,19938626940
360,7,sus1a,f,2014,7,17,10x,1,null,Gamophyceae,null,Filamentous green algae,/Users/maxcaplow/Desktop/images/7_sus1a_2014_7_17_10x_4_06.bmp,4,20118624122
361,7,sus1a,f,2014,7,17,10x,1,null,Bacillariophyceae,null,Diatoms,/Users/maxcaplow/Desktop/images/7_sus1a_2014_7_17_10x_6_06.bmp,6,20132167031
362,7,sus1a,f,2014,7,17,10x,1,null,Chlorophyceae,null,Green algae (with flagella),/Users/maxcaplow/Desktop/images/7_sus1a_2014_7_17_10x_2_07.bmp,2,19939974839
363,7,sus1a,f,2014,7,17,10x,1,null,Bacillariophyceae,null,Diatoms,/Users/maxcaplow/Desktop/images/7_sus1a_2014_7_17_10x_6_07.bmp,6,19938551508
364,7,sus1a,f,2014,7,17,10x,4,null,Bacillariophyceae,null,Diatoms,/Users/maxcaplow/Desktop/images/7_sus1a_2014_7_17_10x_6_08.bmp,6,20100370166
365,7,sus1a,f,2014,7,17,10x,1,null,Chlorophyceae,null,Green algae (no flagella),/Users/maxcaplow/Desktop/images/7_sus1a_2014_7_17_10x_3_09.bmp,3,19938635350
366,7,sus1a,f,2014,7,17,20x,4,null,Chlorophyceae,null,Green algae (no flagella),/Users/maxcaplow/Desktop/images/7_sus1a_2014_7_17_20x_3_00.bmp,3,19505668253
367,7,sus1a,f,2014,7,17,20x,1,null,Bacillariophyceae,null,Diatoms,/Users/maxcaplow/Desktop/images/7_sus1a_2014_7_17_20x_6_00.bmp,6,19504006794
368,7,sus1a,f,2014,7,17,20x,1,null,null,null,Blue-green algae (cyanobacteria),/Users/maxcaplow/Desktop/images/7_sus1a_2014_7_17_20x_9_00.bmp,9,20100375866
369,7,sus1a,f,2014,7,17,20x,1,null,Chlorophyceae,null,Green algae (with flagella),/Users/maxcaplow/Desktop/images/7_sus1a_2014_7_17_20x_2_01.bmp,2,19938560938
370,7,sus1a,f,2014,7,17,20x,1,null,Chlorophyceae,null,Green algae (no flagella),/Users/maxcaplow/Desktop/images/7_sus1a_2014_7_17_20x_3_01.bmp,3,19505675513
371,7,sus1a,f,2014,7,17,20x,2,null,Bacillariophyceae,null,Diatoms,/Users/maxcaplow/Desktop/images/7_sus1a_2014_7_17_20x_6_01.bmp,6,19939989429
372,7,sus1a,f,2014,7,17,20x,1,Heliozoea,Sacrodina,null,Heliozoans,/Users/maxcaplow/Desktop/images/7_sus1a_2014_7_17_20x_8_01.bmp,8,20126665155
373,7,sus1a,f,2014,7,17,20x,1,null,null,null,Blue-green algae (cyanobacteria),/Users/maxcaplow/Desktop/images/7_sus1a_2014_7_17_20x_9_01.bmp,9,20100383896
374,7,sus1a,f,2014,7,17,20x,1,null,Bacillariophyceae,null,Diatoms,/Users/maxcaplow/Desktop/images/7_sus1a_2014_7_17_20x_6_02.bmp,6,19505680203
375,7,sus1a,f,2014,7,17,20x,1,null,Chlorophyceae,null,Green algae (no flagella),/Users/maxcaplow/Desktop/images/7_sus1a_2014_7_17_20x_3_03.bmp,3,19504020044
376,7,sus1a,f,2014,7,17,20x,1,null,Bacillariophyceae,null,Diatoms,/Users/maxcaplow/Desktop/images/7_sus1a_2014_7_17_20x_6_04.bmp,6,19938652700
377,7,sus1a,f,2014,7,17,20x,3,null,Chlorophyceae,null,Green algae (no flagella),/Users/maxcaplow/Desktop/images/7_sus1a_2014_7_17_20x_3_05.bmp,3,19939998319
378,7,sus1a,f,2014,7,17,20x,2,null,Bacillariophyceae,null,Diatoms,/Users/maxcaplow/Desktop/images/7_sus1a_2014_7_17_20x_6_05.bmp,6,19938655560
379,7,sus1a,f,2014,7,17,20x,2,null,Bacillariophyceae,null,Diatoms,/Users/maxcaplow/Desktop/images/7_sus1a_2014_7_17_20x_6_06.bmp,6,20100392146
380,7,sus1a,f,2014,7,17,20x,1,null,Chlorophyceae,null,Green algae (no flagella),/Users/maxcaplow/Desktop/images/7_sus1a_2014_7_17_20x_3_07.bmp,3,19938576908
381,7,sus1a,f,2014,7,17,20x,1,null,Chlorophyceae,null,Green algae (no flagella),/Users/maxcaplow/Desktop/images/7_sus1a_2014_7_17_20x_3_08.bmp,3,19504029484
382,7,sus1a,f,2014,7,17,20x,2,null,Chlorophyceae,null,Green algae (no flagella),/Users/maxcaplow/Desktop/images/7_sus1a_2014_7_17_20x_3_09.bmp,3,19938580618
383,7,sus1a,f,2014,7,17,20x,1,null,Bacillariophyceae,null,Diatoms,/Users/maxcaplow/Desktop/images/7_sus1a_2014_7_17_20x_6_09.bmp,6,20126681445
384,7,sus1a,f,2014,7,17,40x,1,null,Gamophyceae,null,Filamentous green algae,/Users/maxcaplow/Desktop/images/7_sus1a_2014_7_17_40x_4_09.bmp,4,19505694823
385,7,sus1a,f,2014,7,17,40x,1,null,Bacillariophyceae,null,Diatoms,/Users/maxcaplow/Desktop/images/7_sus1a_2014_7_17_40x_6_09.bmp,6,20100401016
386,7,sus1a,f,2014,7,17,40x,3,null,null,null,Blue-green algae (cyanobacteria),/Users/maxcaplow/Desktop/images/7_sus1a_2014_7_17_40x_9_09.bmp,9,20132204481
387,7,sus1a,f,2014,7,17,40x,1,null,Chlorophyceae,null,Green algae (no flagella),/Users/maxcaplow/Desktop/images/7_sus1a_2014_7_17_40x_3_00.bmp,3,20126686615
388,7,sus1a,f,2014,7,17,40x,3,null,null,null,Blue-green algae (cyanobacteria),/Users/maxcaplow/Desktop/images/7_sus1a_2014_7_17_40x_9_01.bmp,9,20132207771
389,7,sus1a,f,2014,7,17,40x,1,null,Bacillariophyceae,null,Diatoms,/Users/maxcaplow/Desktop/images/7_sus1a_2014_7_17_40x_6_02.bmp,6,20118668082
390,7,sus1a,f,2014,7,17,40x,1,null,null,null,Blue-green algae (cyanobacteria),/Users/maxcaplow/Desktop/images/7_sus1a_2014_7_17_40x_9_02.bmp,9,19938674100
391,7,sus1a,f,2014,7,17,40x,2,null,Chlorophyceae,null,Green algae (no flagella),/Users/maxcaplow/Desktop/images/7_sus1a_2014_7_17_40x_3_03.bmp,3,19504043874
392,7,sus1a,f,2014,7,17,40x,1,null,Bacillariophyceae,null,Diatoms,/Users/maxcaplow/Desktop/images/7_sus1a_2014_7_17_40x_6_03.bmp,6,20118672802
393,7,sus1a,f,2014,7,17,40x,1,null,Chlorophyceae,null,Green algae (no flagella),/Users/maxcaplow/Desktop/images/7_sus1a_2014_7_17_40x_3_05.bmp,3,19938597198
394,7,sus1a,f,2014,7,17,40x,1,null,Chlorophyceae,null,Green algae (no flagella),/Users/maxcaplow/Desktop/images/7_sus1a_2014_7_17_40x_3_06.bmp,3,20132216461
395,7,sus1a,f,2014,7,17,40x,1,null,Chlorophyceae,null,Green algae (with flagella),/Users/maxcaplow/Desktop/images/7_sus1a_2014_7_17_40x_2_07.bmp,2,20100415706
396,7,sus1a,f,2014,7,17,40x,1,null,Chlorophyceae,null,Green algae (no flagella),/Users/maxcaplow/Desktop/images/7_sus1a_2014_7_17_40x_3_07.bmp,3,20118678812
397,7,sus1a,f,2014,7,17,40x,1,null,Bacillariophyceae,null,Diatoms,/Users/maxcaplow/Desktop/images/7_sus1a_2014_7_17_40x_6_07.bmp,6,20118680552
398,7,sus1a,f,2014,7,17,40x,1,null,Chlorophyceae,null,Green algae (no flagella),/Users/maxcaplow/Desktop/images/7_sus1a_2014_7_17_40x_3_08.bmp,3,20132222811
399,7,sus1a,f,2014,7,17,40x,2,null,Bacillariophyceae,null,Diatoms,/Users/maxcaplow/Desktop/images/7_sus1a_2014_7_17_40x_6_08.bmp,6,20100421846
400,7,sus1b,f,2014,7,17,10x,1,null,Chlorophyceae,null,Green algae (with flagella),/Users/maxcaplow/Desktop/images/7_sus1b_2014_7_17_10x_2_00.bmp,2,19938689550
401,7,sus1b,f,2014,7,17,10x,1,null,Chlorophyceae,null,Green algae (no flagella),/Users/maxcaplow/Desktop/images/7_sus1b_2014_7_17_10x_3_00.bmp,3,19504058874
402,7,sus1b,f,2014,7,17,10x,5,null,Bacillariophyceae,null,Diatoms,/Users/maxcaplow/Desktop/images/7_sus1b_2014_7_17_10x_6_00.bmp,6,20132228191
403,7,sus1b,f,2014,7,17,10x,4,null,Bacillariophyceae,null,Diatoms,/Users/maxcaplow/Desktop/images/7_sus1b_2014_7_17_10x_6_01.bmp,6,19505723163
404,7,sus1b,f,2014,7,17,10x,1,null,Bacillariophyceae,null,Diatoms,/Users/maxcaplow/Desktop/images/7_sus1b_2014_7_17_10x_6_02.bmp,6,20132231371
405,7,sus1b,f,2014,7,17,10x,1,null,Chlorophyceae,null,Green algae (no flagella),/Users/maxcaplow/Desktop/images/7_sus1b_2014_7_17_10x_3_03.bmp,3,19938614928
406,7,sus1b,f,2014,7,17,10x,1,null,Bacillariophyceae,null,Diatoms,/Users/maxcaplow/Desktop/images/7_sus1b_2014_7_17_10x_6_03.bmp,6,20118693822
407,7,sus1b,f,2014,7,17,10x,1,Heliozoea,Sacrodina,null,Heliozoans,/Users/maxcaplow/Desktop/images/7_sus1b_2014_7_17_10x_8_03.bmp,8,20100433006
408,7,sus1b,f,2014,7,17,10x,2,null,Chlorophyceae,null,Green algae (no flagella),/Users/maxcaplow/Desktop/images/7_sus1b_2014_7_17_10x_3_04.bmp,3,19505729833
409,7,sus1b,f,2014,7,17,10x,1,null,Chlorophyceae,null,Green algae (with flagella),/Users/maxcaplow/Desktop/images/7_sus1b_2014_7_17_10x_2_05.bmp,2,19505731433
410,7,sus1b,f,2014,7,17,10x,1,null,Chlorophyceae,null,Green algae (no flagella),/Users/maxcaplow/Desktop/images/7_sus1b_2014_7_17_10x_3_06.bmp,3,20118699422
411,7,sus1b,f,2014,7,17,10x,1,null,Bacillariophyceae,null,Diatoms,/Users/maxcaplow/Desktop/images/7_sus1b_2014_7_17_10x_6_06.bmp,6,19938705870
412,7,sus1b,f,2014,7,17,10x,4,null,Bacillariophyceae,null,Diatoms,/Users/maxcaplow/Desktop/images/7_sus1b_2014_7_17_10x_6_07.bmp,6,19505735603
413,7,sus1b,f,2014,7,17,10x,1,null,null,null,Blue-green algae (cyanobacteria),/Users/maxcaplow/Desktop/images/7_sus1b_2014_7_17_10x_9_07.bmp,9,19940051039
414,7,sus1b,f,2014,7,17,10x,1,null,Bacillariophyceae,null,Diatoms,/Users/maxcaplow/Desktop/images/7_sus1b_2014_7_17_10x_6_08.bmp,6,19504077154
415,7,sus1b,f,2014,7,17,10x,1,null,Gamophyceae,null,Filamentous green algae,/Users/maxcaplow/Desktop/images/7_sus1b_2014_7_17_10x_4_10.bmp,4,19938712290
416,7,sus1b,f,2014,7,17,20x,1,null,Chlorophyceae,null,Green algae (no flagella),/Users/maxcaplow/Desktop/images/7_sus1b_2014_7_17_20x_3_00.bmp,3,20100445806
417,7,sus1b,f,2014,7,17,20x,2,null,Bacillariophyceae,null,Diatoms,/Users/maxcaplow/Desktop/images/7_sus1b_2014_7_17_20x_6_01.bmp,6,20126731715
418,7,sus1b,f,2014,7,17,20x,1,null,Gamophyceae,null,Filamentous green algae,/Users/maxcaplow/Desktop/images/7_sus1b_2014_7_17_20x_4_02.bmp,4,20126732895
419,7,sus1b,f,2014,7,17,20x,1,null,Chlorophyceae,null,Green algae (with flagella),/Users/maxcaplow/Desktop/images/7_sus1b_2014_7_17_20x_2_03.bmp,2,19505746733
420,7,sus1b,f,2014,7,17,20x,2,null,Bacillariophyceae,null,Diatoms,/Users/maxcaplow/Desktop/images/7_sus1b_2014_7_17_20x_6_03.bmp,6,20132254551
421,7,sus1b,f,2014,7,17,20x,1,null,Chlorophyceae,null,Green algae (no flagella),/Users/maxcaplow/Desktop/images/7_sus1b_2014_7_17_20x_3_04.bmp,3,19505749273
422,7,sus1b,f,2014,7,17,20x,1,null,Bacillariophyceae,null,Diatoms,/Users/maxcaplow/Desktop/images/7_sus1b_2014_7_17_20x_6_04.bmp,6,20126738385
423,7,sus1b,f,2014,7,17,20x,1,null,Chlorophyceae,null,Green algae (no flagella),/Users/maxcaplow/Desktop/images/7_sus1b_2014_7_17_20x_3_05.bmp,3,19938724220
424,7,sus1b,f,2014,7,17,20x,1,null,Bacillariophyceae,null,Diatoms,/Users/maxcaplow/Desktop/images/7_sus1b_2014_7_17_20x_6_05.bmp,6,20126742565
425,7,sus1b,f,2014,7,17,20x,1,Heliozoea,Sacrodina,null,Heliozoans,/Users/maxcaplow/Desktop/images/7_sus1b_2014_7_17_20x_8_05.bmp,8,19938727220
426,7,sus1b,f,2014,7,17,20x,1,Heliozoea,Sacrodina,null,Heliozoans,/Users/maxcaplow/Desktop/images/7_sus1b_2014_7_17_20x_8_06.bmp,8,19505756993
427,7,sus1b,f,2014,7,17,20x,1,null,null,null,Blue-green algae (cyanobacteria),/Users/maxcaplow/Desktop/images/7_sus1b_2014_7_17_20x_9_06.bmp,9,19940071879
428,7,sus1b,f,2014,7,17,20x,1,null,Chlorophyceae,null,Green algae (no flagella),/Users/maxcaplow/Desktop/images/7_sus1b_2014_7_17_20x_3_08.bmp,3,19938731380
429,7,sus1b,f,2014,7,17,20x,1,null,Bacillariophyceae,null,Diatoms,/Users/maxcaplow/Desktop/images/7_sus1b_2014_7_17_20x_6_09.bmp,6,19938732680
430,7,sus1b,f,2014,7,17,40x,1,null,Bacillariophyceae,null,Diatoms,/Users/maxcaplow/Desktop/images/7_sus1b_2014_7_17_40x_6_00.bmp,6,19938651988
431,7,sus1b,f,2014,7,17,40x,2,null,Chlorophyceae,null,Green algae (no flagella),/Users/maxcaplow/Desktop/images/7_sus1b_2014_7_17_40x_3_01.bmp,3,20126752545
432,7,sus1b,f,2014,7,17,40x,1,Heliozoea,Sacrodina,null,Heliozoans,/Users/maxcaplow/Desktop/images/7_sus1b_2014_7_17_40x_8_01.bmp,8,19940078839
433,7,sus1b,f,2014,7,17,40x,1,null,Chlorophyceae,null,Green algae (with flagella),/Users/maxcaplow/Desktop/images/7_sus1b_2014_7_17_40x_2_02.bmp,2,19504104874
434,7,sus1b,f,2014,7,17,40x,1,null,Bacillariophyceae,null,Diatoms,/Users/maxcaplow/Desktop/images/7_sus1b_2014_7_17_40x_6_02.bmp,6,19504106104
435,7,sus1b,f,2014,7,17,40x,1,null,Chlorophyceae,null,Green algae (with flagella),/Users/maxcaplow/Desktop/images/7_sus1b_2014_7_17_40x_2_03.bmp,2,19505770313
436,7,sus1b,f,2014,7,17,40x,3,null,Chlorophyceae,null,Green algae (no flagella),/Users/maxcaplow/Desktop/images/7_sus1b_2014_7_17_40x_3_03.bmp,3,19504109304
437,7,sus1b,f,2014,7,17,40x,1,Heliozoea,Sacrodina,null,Heliozoans,/Users/maxcaplow/Desktop/images/7_sus1b_2014_7_17_40x_8_03.bmp,8,20118739232
438,7,sus1b,f,2014,7,17,40x,1,null,Chlorophyceae,null,Green algae (no flagella),/Users/maxcaplow/Desktop/images/7_sus1b_2014_7_17_40x_3_04.bmp,3,19504111924
439,7,sus1b,f,2014,7,17,40x,3,null,Chlorophyceae,null,Green algae (no flagella),/Users/maxcaplow/Desktop/images/7_sus1b_2014_7_17_40x_3_05.bmp,3,19938664908
440,7,sus1b,f,2014,7,17,40x,2,Heliozoea,Sacrodina,null,Heliozoans,/Users/maxcaplow/Desktop/images/7_sus1b_2014_7_17_40x_8_05.bmp,8,19938749070
441,7,sus1b,f,2014,7,17,40x,1,null,Gamophyceae,null,Filamentous green algae,/Users/maxcaplow/Desktop/images/7_sus1b_2014_7_17_40x_4_06.bmp,4,19505779143
442,7,sus1b,f,2014,7,17,40x,1,null,Bacillariophyceae,null,Diatoms,/Users/maxcaplow/Desktop/images/7_sus1b_2014_7_17_40x_6_06.bmp,6,20132287231
443,7,sus1b,f,2014,7,17,40x,1,null,Gamophyceae,null,Filamentous green algae,/Users/maxcaplow/Desktop/images/7_sus1b_2014_7_17_40x_4_07.bmp,4,19938753220
444,7,sus1c,f,2014,7,17,10x,2,null,Chlorophyceae,null,Green algae (no flagella),/Users/maxcaplow/Desktop/images/7_sus1c_2014_7_17_10x_3_00.bmp,3,20126771995
445,7,sus1c,f,2014,7,17,10x,2,null,Bacillariophyceae,null,Diatoms,/Users/maxcaplow/Desktop/images/7_sus1c_2014_7_17_10x_6_00.bmp,6,20126774015
446,7,sus1c,f,2014,7,17,10x,2,null,Bacillariophyceae,null,Diatoms,/Users/maxcaplow/Desktop/images/7_sus1c_2014_7_17_10x_6_01.bmp,6,19504123714
447,7,sus1c,f,2014,7,17,10x,1,null,Chlorophyceae,null,Green algae (with flagella),/Users/maxcaplow/Desktop/images/7_sus1c_2014_7_17_10x_2_02.bmp,2,20100492456
448,7,sus1c,f,2014,7,17,10x,1,null,Bacillariophyceae,null,Diatoms,/Users/maxcaplow/Desktop/images/7_sus1c_2014_7_17_10x_6_03.bmp,6,20118757482
449,7,sus1c,f,2014,7,17,10x,1,Amoebina,Sacrodina,null,Amoeba,/Users/maxcaplow/Desktop/images/7_sus1c_2014_7_17_10x_7_03.bmp,7,19938680588
450,7,sus1c,f,2014,7,17,10x,1,null,Chlorophyceae,null,Green algae (no flagella),/Users/maxcaplow/Desktop/images/7_sus1c_2014_7_17_10x_3_04.bmp,3,20100498076
451,7,sus1c,f,2014,7,17,10x,1,null,Bacillariophyceae,null,Diatoms,/Users/maxcaplow/Desktop/images/7_sus1c_2014_7_17_10x_6_04.bmp,6,19938684008
452,7,sus1c,f,2014,7,17,10x,1,Heliozoea,Sacrodina,null,Heliozoans,/Users/maxcaplow/Desktop/images/7_sus1c_2014_7_17_10x_8_04.bmp,8,19938768320
453,7,sus1c,f,2014,7,17,10x,1,null,Gamophyceae,null,Filamentous green algae,/Users/maxcaplow/Desktop/images/7_sus1c_2014_7_17_10x_4_05.bmp,4,19940110859
454,7,sus1c,f,2014,7,17,10x,2,null,Bacillariophyceae,null,Diatoms,/Users/maxcaplow/Desktop/images/7_sus1c_2014_7_17_10x_6_05.bmp,6,20118765882
455,7,sus1c,f,2014,7,17,10x,1,null,Chlorophyceae,null,Green algae (no flagella),/Users/maxcaplow/Desktop/images/7_sus1c_2014_7_17_10x_3_06.bmp,3,20126789505
456,7,sus1c,f,2014,7,17,10x,3,null,Bacillariophyceae,null,Diatoms,/Users/maxcaplow/Desktop/images/7_sus1c_2014_7_17_10x_6_06.bmp,6,19938690688
457,7,sus1c,f,2014,7,17,10x,2,Heliozoea,Sacrodina,null,Heliozoans,/Users/maxcaplow/Desktop/images/7_sus1c_2014_7_17_10x_8_06.bmp,8,20132310191
458,7,sus1c,f,2014,7,17,10x,1,null,Bacillariophyceae,null,Diatoms,/Users/maxcaplow/Desktop/images/7_sus1c_2014_7_17_10x_6_07.bmp,6,19504142054
459,7,sus1c,f,2014,7,17,10x,4,null,Bacillariophyceae,null,Diatoms,/Users/maxcaplow/Desktop/images/7_sus1c_2014_7_17_10x_6_08.bmp,6,19938694858
460,7,sus1c,f,2014,7,17,10x,4,null,Bacillariophyceae,null,Diatoms,/Users/maxcaplow/Desktop/images/7_sus1c_2014_7_17_10x_6_09.bmp,6,19938696488
461,7,sus1c,f,2014,7,17,20x,1,null,Chlorophyceae,null,Green algae (no flagella),/Users/maxcaplow/Desktop/images/7_sus1c_2014_7_17_20x_3_00.bmp,3,20132315791
462,7,sus1c,f,2014,7,17,20x,1,Heliozoea,Sacrodina,null,Heliozoans,/Users/maxcaplow/Desktop/images/7_sus1c_2014_7_17_20x_8_00.bmp,8,20100514386
463,7,sus1c,f,2014,7,17,20x,2,null,Chlorophyceae,null,Green algae (no flagella),/Users/maxcaplow/Desktop/images/7_sus1c_2014_7_17_20x_3_01.bmp,3,20132318721
464,7,sus1c,f,2014,7,17,20x,4,null,Bacillariophyceae,null,Diatoms,/Users/maxcaplow/Desktop/images/7_sus1c_2014_7_17_20x_6_01.bmp,6,19940125669
465,7,sus1c,f,2014,7,17,20x,1,null,Chlorophyceae,null,Green algae (with flagella),/Users/maxcaplow/Desktop/images/7_sus1c_2014_7_17_20x_2_02.bmp,2,19505814643
466,7,sus1c,f,2014,7,17,20x,2,null,Chlorophyceae,null,Green algae (no flagella),/Users/maxcaplow/Desktop/images/7_sus1c_2014_7_17_20x_3_02.bmp,3,20132323681
467,7,sus1c,f,2014,7,17,20x,2,null,Gamophyceae,null,Filamentous green algae,/Users/maxcaplow/Desktop/images/7_sus1c_2014_7_17_20x_4_02.bmp,4,19505818533
468,7,sus1c,f,2014,7,17,20x,1,null,Bacillariophyceae,null,Diatoms,/Users/maxcaplow/Desktop/images/7_sus1c_2014_7_17_20x_6_02.bmp,6,19505819893
469,7,sus1c,f,2014,7,17,20x,1,null,Chlorophyceae,null,Green algae (with flagella),/Users/maxcaplow/Desktop/images/7_sus1c_2014_7_17_20x_2_03.bmp,2,19938792000
470,7,sus1c,f,2014,7,17,20x,1,null,Chlorophyceae,null,Green algae (no flagella),/Users/maxcaplow/Desktop/images/7_sus1c_2014_7_17_20x_3_03.bmp,3,19938793310
471,7,sus1c,f,2014,7,17,20x,1,null,Bacillariophyceae,null,Diatoms,/Users/maxcaplow/Desktop/images/7_sus1c_2014_7_17_20x_6_03.bmp,6,19938712268
472,7,sus1c,f,2014,7,17,20x,2,Heliozoea,Sacrodina,null,Heliozoans,/Users/maxcaplow/Desktop/images/7_sus1c_2014_7_17_20x_8_03.bmp,8,19938713788
473,7,sus1c,f,2014,7,17,20x,1,null,Chlorophyceae,null,Green algae (no flagella),/Users/maxcaplow/Desktop/images/7_sus1c_2014_7_17_20x_3_04.bmp,3,19938715098
474,7,sus1c,f,2014,7,17,20x,1,null,Chlorophyceae,null,Green algae (no flagella),/Users/maxcaplow/Desktop/images/7_sus1c_2014_7_17_20x_3_05.bmp,3,20132335201
475,7,sus1c,f,2014,7,17,20x,1,null,Bacillariophyceae,null,Diatoms,/Users/maxcaplow/Desktop/images/7_sus1c_2014_7_17_20x_6_05.bmp,6,19940191659
476,7,sus1c,f,2014,7,17,20x,2,Heliozoea,Sacrodina,null,Heliozoans,/Users/maxcaplow/Desktop/images/7_sus1c_2014_7_17_20x_8_05.bmp,8,20118846292
477,7,sus1c,f,2014,7,17,20x,1,null,Chlorophyceae,null,Green algae (with flagella),/Users/maxcaplow/Desktop/images/7_sus1c_2014_7_17_20x_2_06.bmp,2,19505881413
478,7,sus1c,f,2014,7,17,20x,2,null,Bacillariophyceae,null,Diatoms,/Users/maxcaplow/Desktop/images/7_sus1c_2014_7_17_20x_6_07.bmp,6,20132388991
479,7,sus1c,f,2014,7,17,20x,1,null,Chlorophyceae,null,Green algae (no flagella),/Users/maxcaplow/Desktop/images/7_sus1c_2014_7_17_20x_3_08.bmp,3,20126870815
480,7,sus1c,f,2014,7,17,20x,1,null,Bacillariophyceae,null,Diatoms,/Users/maxcaplow/Desktop/images/7_sus1c_2014_7_17_20x_6_08.bmp,6,19940198239
481,7,sus1c,f,2014,7,17,20x,1,null,Chlorophyceae,null,Green algae (no flagella),/Users/maxcaplow/Desktop/images/7_sus1c_2014_7_17_20x_3_09.bmp,3,19940199549
482,7,sus1c,f,2014,7,17,20x,1,null,Bacillariophyceae,null,Diatoms,/Users/maxcaplow/Desktop/images/7_sus1c_2014_7_17_20x_6_09.bmp,6,19505887943
483,7,sus1c,f,2014,7,17,40x,1,null,Bacillariophyceae,null,Diatoms,/Users/maxcaplow/Desktop/images/7_sus1c_2014_7_17_40x_6_00.bmp,6,19505889343
484,7,sus1c,f,2014,7,17,40x,2,null,Chlorophyceae,null,Green algae (no flagella),/Users/maxcaplow/Desktop/images/7_sus1c_2014_7_17_40x_3_01.bmp,3,19505954053
485,7,sus1c,f,2014,7,17,40x,1,Heliozoea,Sacrodina,null,Heliozoans,/Users/maxcaplow/Desktop/images/7_sus1c_2014_7_17_40x_8_01.bmp,8,20126941675
486,7,sus1c,f,2014,7,17,40x,2,Heliozoea,Sacrodina,null,Heliozoans,/Users/maxcaplow/Desktop/images/7_sus1c_2014_7_17_40x_8_02.bmp,8,19940268429
487,7,sus1c,f,2014,7,17,40x,1,null,Bacillariophyceae,null,Diatoms,/Users/maxcaplow/Desktop/images/7_sus1c_2014_7_17_40x_6_03.bmp,6,19505958303
488,7,sus1c,f,2014,7,17,40x,1,Heliozoea,Sacrodina,null,Heliozoans,/Users/maxcaplow/Desktop/images/7_sus1c_2014_7_17_40x_8_03.bmp,8,20126946465
489,7,sus1c,f,2014,7,17,40x,1,null,Chlorophyceae,null,Green algae (no flagella),/Users/maxcaplow/Desktop/images/7_sus1c_2014_7_17_40x_3_04.bmp,3,19938930650
490,7,sus1c,f,2014,7,17,40x,1,null,Bacillariophyceae,null,Diatoms,/Users/maxcaplow/Desktop/images/7_sus1c_2014_7_17_40x_6_04.bmp,6,20132467871
491,7,sus1c,f,2014,7,17,40x,1,Heliozoea,Sacrodina,null,Heliozoans,/Users/maxcaplow/Desktop/images/7_sus1c_2014_7_17_40x_8_04.bmp,8,20126950885
492,7,sus1c,f,2014,7,17,40x,1,null,Bacillariophyceae,null,Diatoms,/Users/maxcaplow/Desktop/images/7_sus1c_2014_7_17_40x_6_05.bmp,6,20126952595
493,7,sus1c,f,2014,7,17,40x,1,Heliozoea,Sacrodina,null,Heliozoans,/Users/maxcaplow/Desktop/images/7_sus1c_2014_7_17_40x_8_05.bmp,8,20118932732
494,7,sus1c,f,2014,7,17,40x,1,null,Chlorophyceae,null,Green algae (no flagella),/Users/maxcaplow/Desktop/images/7_sus1c_2014_7_17_40x_3_06.bmp,3,20100671766
495,7,sus1c,f,2014,7,17,40x,2,Heliozoea,Sacrodina,null,Heliozoans,/Users/maxcaplow/Desktop/images/7_sus1c_2014_7_17_40x_8_06.bmp,8,19504304434
496,7,sus1c,f,2014,7,17,40x,2,null,Chlorophyceae,null,Green algae (no flagella),/Users/maxcaplow/Desktop/images/7_sus1c_2014_7_17_40x_3_07.bmp,3,20100674606
497,7,sus1c,f,2014,7,17,40x,1,null,Bacillariophyceae,null,Diatoms,/Users/maxcaplow/Desktop/images/7_sus1c_2014_7_17_40x_6_07.bmp,6,19938860168
498,7,sus1c,f,2014,7,17,40x,1,Heliozoea,Sacrodina,null,Heliozoans,/Users/maxcaplow/Desktop/images/7_sus1c_2014_7_17_40x_8_07.bmp,8,20132478911
499,7,sus1c,f,2014,7,17,40x,1,Heliozoea,Sacrodina,null,Heliozoans,/Users/maxcaplow/Desktop/images/7_sus1c_2014_7_17_40x_8_08.bmp,8,19940287729
500,7,sus1c,f,2014,7,17,40x,2,null,Chlorophyceae,null,Green algae (no flagella),/Users/maxcaplow/Desktop/images/7_sus1c_2014_7_17_40x_3_09.bmp,3,19938946550
501,7,sus1c,f,2014,7,17,40x,1,Heliozoea,Sacrodina,null,Heliozoans,/Users/maxcaplow/Desktop/images/7_sus1c_2014_7_17_40x_8_09.bmp,8,20118972022
